Workbook

Sheet 罐底分布测量原始数据
A2: [17:16:30.013]收← | B2: 02 03 22 46 B7 E6 00 C4 C7 20 00 41 30 00 00 C4 C4 00 00 00 00 00 00 00 00 | C2: =MID(B2,1,9) -> 02 03 22
A3: [17:16:30.123]收← | B3: 10 00 00 00 00 00 00 00 00 00 00 00 B4 7A | C3: =MID(B3,1,9) -> 10 00 00
A4: [17:16:30.239]收← | B4: 01 03 00 00 00 10 44 06 | C4: =MID(B4,1,9) -> 01 03 00
A5: [17:16:30.395]收← | B5: 01 03 20 26 67 00 00 C1 FA 00 00 11 23 00 00 00 00 08 40 48 8E 52 20 00 00 F9 CD 00 00 5B 94 00 00 00 00 AA A1 | C5: =MID(B5,1,9) -> 01 03 20
A6: [17:16:31.955]收← | B6: 04 03 00 C8 00 11 04 6D | C6: =MID(B6,1,9) -> 04 03 00
A7: [17:16:32.361]收← | B7: 04 03 22 46 B8 00 00 3F 80 00 00 3F 80 00 00 3F 80 00 00 00 00 00 00 00 00 10 06 00 00 00 00 00 00 00 00 00 00 31 51 | C7: =MID(B7,1,9) -> 04 03 22
A8: [17:16:32.521]收← | B8: 03 03 00 1E 00 05 E4 2D | C8: =MID(B8,1,9) -> 03 03 00
A9: [17:16:32.605]收← | B9: 03 03 0A 31 37 30 39 31 38 30 38 32 31 55 75 | C9: =MID(B9,1,9) -> 03 03 0A
A10: [17:16:32.759]收← | B10: 02 03 00 C8 00 11 04 0B | C10: =MID(B10,1,9) -> 02 03 00
A11: [17:16:32.978]收← | B11: 02 03 22 46 B7 E6 00 C4 C7 20 00 41 30 00 | C11: =MID(B11,1,9) -> 02 03 22
A12: [17:16:33.043]收← | B12: 00 C4 C4 00 00 00 00 00 00 00 00 10 00 | C12: =MID(B12,1,9) -> 00 C4 C4
A13: [17:16:33.104]收← | B13: 00 00 00 00 00 00 00 00 00 00 B4 7A | C13: =MID(B13,1,9) -> 00 00 00
... A2095: [17:25:43.841]收← | B2095: 02 03 00 C8 00 11 04 0B | C2095: =MID(B2095,1,9) -> 02 03 00
A2096: [17:25:43.999]收← | B2096: 2 | C2096: =MID(B2096,1,9) -> 2
A2097: [17:25:44.067]收← | B2097: 03 22 46 B7 E8 00 C4 C7 00 00 41 30 00 | C2097: =MID(B2097,1,9) -> 03 22 46
A2098: [17:25:44.133]收← | B2098: 00 C4 C4 80 00 00 00 00 00 00 00 10 00 | C2098: =MID(B2098,1,9) -> 00 C4 C4
A2099: [17:25:44.190]收← | B2099: 00 00 00 00 00 00 00 00 00 00 F3 AC | C2099: =MID(B2099,1,9) -> 00 00 00
A2100: [17:25:44.298]收← | B2100: 01 03 00 00 00 10 44 06 | C2100: =MID(B2100,1,9) -> 01 03 00
A2101: [17:25:44.489]收← | B2101: 01 03 20 1D 29 00 00 C1 FE 00 00 11 22 00 00 00 00 0C 60 48 8E 52 40 00 00 F9 CD 00 00 5B 94 00 00 00 00 BF 1A | C2101: =MID(B2101,1,9) -> 01 03 20
A2102: [17:25:46.074]收← | B2102: 04 03 00 C8 00 11 04 6D | C2102: =MID(B2102,1,9) -> 04 03 00
A2103: [17:25:46.462]收← | B2103: 04 03 22 46 B8 00 00 3F 80 00 00 3F 80 00 00 3F 80 00 00 00 00 00 00 00 00 10 06 00 00 00 00 00 00 00 00 00 00 31 51 | C2103: =MID(B2103,1,9) -> 04 03 22
A2104: [17:25:46.601]收← | B2104: 03 03 00 1E 00 05 E4 2D | C2104: =MID(B2104,1,9) -> 03 03 00
A2105: [17:25:46.680]收← | B2105: 03 03 0A 31 37 30 39 31 38 30 38 32 31 55 75 | C2105: =MID(B2105,1,9) -> 03 03 0A
A2106: [17:25:46.893]收← | B2106: 02 03 00 C8 00 11 04 0B | C2106: =MID(B2106,1,9) -> 02 03 00
A2107: [17:25:47.143]收← | B2107: 02 03 22 46 B7 E8 00 C4 C7 00 00 41 30 | C2107: =MID(B2107,1,9) -> 02 03 22
A2108: [17:25:47.194]收← | B2108: 00 00 C4 C4 80 00 00 00 00 00 00 00 | C2108: =MID(B2108,1,9) -> 00 00 C4
... A2304: [17:26:36.546]收← | B2304: 02 03 01 75 00 21 95 C7 | C2304: =MID(B2304,1,9) -> 02 03 01
A2305: [17:26:36.692]收← | B2305: 2 | C2305: =MID(B2305,1,9) -> 2
A2306: [17:26:36.756]收← | B2306: 03 42 FF FF 3F 80 00 00 3F 80 00 00 | C2306: =MID(B2306,1,9) -> 03 42 FF
A2307: [17:26:36.899]收← | B2307: 3F 80 00 00 3F 80 00 00 3F 80 00 00 3F 80 00 00 3F 80 00 00 3F 80 00 00 3F 80 00 00 3F 80 00 00 3F 80 00 00 3F 80 00 00 3F | C2307: =MID(B2307,1,9) -> 3F 80 00
A2308: [17:26:37.009]收← | B2308: 80 00 00 3F 80 00 00 3F 80 00 00 3F 80 00 00 1D E6 | C2308: =MID(B2308,1,9) -> 80 00 00
A2309: [17:26:37.153]收← | B2309: 02 03 01 9A 00 21 A4 32 | C2309: =MID(B2309,1,9) -> 02 03 01
A2310: [17:26:37.392]收← | B2310: 02 03 42 FF FF 3F 80 00 00 3F 80 00 00 | C2310: =MID(B2310,1,9) -> 02 03 42
A2311: [17:26:37.507]收← | B2311: 3F 80 00 00 3F 80 00 00 3F 80 00 00 3F 80 00 00 3F 80 00 00 3F 80 00 00 3F | C2311: =MID(B2311,1,9) -> 3F 80 00
A2312: [17:26:37.663]收← | B2312: 80 00 00 3F 80 00 00 3F 80 00 00 3F 80 00 00 3F 80 00 00 3F 80 00 00 3F 80 00 00 3F 80 00 00 1D E6 | C2312: =MID(B2312,1,9) -> 80 00 00
A2313: [17:26:37.771]收← | B2313: 01 03 00 00 00 10 44 06 | C2313: =MID(B2313,1,9) -> 01 03 00
A2314: [17:26:37.946]收← | B2314: 01 03 20 24 4F 00 00 C1 FC 00 00 11 22 00 00 00 00 0C 60 48 8E 51 80 00 00 F9 CD 00 00 5B 94 00 00 00 00 3C A4 | C2314: =MID(B2314,1,9) -> 01 03 20
A2315: [17:26:38.090]收← | B2315: 04 03 00 C8 00 11 04 6D | C2315: =MID(B2315,1,9) -> 04 03 00
A2316: [17:26:38.519]收← | B2316: 04 03 22 46 B8 00 00 3F 80 00 00 3F 80 00 00 3F 80 00 00 00 00 00 00 00 00 10 06 00 00 00 00 00 00 00 00 00 00 31 51 | C2316: =MID(B2316,1,9) -> 04 03 22
A2317: [17:26:38.665]收← | B2317: 03 03 00 1E 00 05 E4 2D | C2317: =MID(B2317,1,9) -> 03 03 00
... A2831: [17:28:53.700]收← | B2831: 02 03 01 9A 00 21 A4 32 | C2831: =MID(B2831,1,9) -> 02 03 01
A2832: [17:28:53.878]收← | B2832: 2 | C2832: =MID(B2832,1,9) -> 2
A2833: [17:28:53.941]收← | B2833: 03 42 FF FF 3F 80 00 00 3F 80 00 00 | C2833: =MID(B2833,1,9) -> 03 42 FF
A2834: [17:28:54.004]收← | B2834: 3F 80 00 00 3F 80 00 00 3F 80 00 00 | C2834: =MID(B2834,1,9) -> 3F 80 00
A2835: [17:28:54.057]收← | B2835: 3F 80 00 00 3F 80 00 00 3F 80 00 00 | C2835: =MID(B2835,1,9) -> 3F 80 00
A2836: [17:28:54.115]收← | B2836: 3F 80 00 00 3F 80 00 00 3F 80 00 00 | C2836: =MID(B2836,1,9) -> 3F 80 00
A2837: [17:28:54.180]收← | B2837: 3F 80 00 00 3F 80 00 00 3F 80 00 00 3F 80 00 00 3F 80 00 00 1D E6 | C2837: =MID(B2837,1,9) -> 3F 80 00
A2838: [17:28:54.339]收← | B2838: 01 03 00 00 00 10 44 06 | C2838: =MID(B2838,1,9) -> 01 03 00
A2839: [17:28:54.545]收← | B2839: 01 03 20 36 6D 00 00 C1 FC 00 00 11 22 00 00 00 00 0C 60 48 8E 53 20 00 00 F9 CD 00 00 5B 94 00 00 00 00 96 0C | C2839: =MID(B2839,1,9) -> 01 03 20
A2840: [17:28:54.680]收← | B2840: 04 03 00 C8 00 11 04 6D | C2840: =MID(B2840,1,9) -> 04 03 00
A2841: [17:28:55.091]收← | B2841: 04 03 22 46 B8 00 00 3F 80 00 00 3F 80 00 00 3F 80 00 00 00 00 00 00 00 00 10 06 00 00 00 00 00 00 00 00 00 00 31 51 | C2841: =MID(B2841,1,9) -> 04 03 22
A2842: [17:28:55.237]收← | B2842: 03 03 00 1E 00 05 E4 2D | C2842: =MID(B2842,1,9) -> 03 03 00
A2843: [17:28:55.322]收← | B2843: 03 03 0A 31 37 30 39 31 38 30 38 32 31 55 75 | C2843: =MID(B2843,1,9) -> 03 03 0A
A2844: [17:28:55.478]收← | B2844: 03 03 00 C8 00 11 05 DA | C2844: =MID(B2844,1,9) -> 03 03 00
... A2914: [17:29:14.481]收← | B2914: 02 03 00 C8 00 11 04 0B | C2914: =MID(B2914,1,9) -> 02 03 00
A2915: [17:29:14.704]收← | B2915: 2 | C2915: =MID(B2915,1,9) -> 2
A2916: [17:29:14.847]收← | B2916: 03 22 46 B7 E8 00 C4 C7 40 00 41 30 00 00 C4 C4 80 00 00 00 00 00 00 00 10 00 00 00 00 00 00 00 00 00 00 00 4D 2C | C2916: =MID(B2916,1,9) -> 03 22 46
A2917: [17:29:14.992]收← | B2917: 01 03 00 00 00 10 44 06 | C2917: =MID(B2917,1,9) -> 01 03 00
A2918: [17:29:15.170]收← | B2918: 01 03 20 39 34 00 00 C1 FC 00 00 11 23 00 00 00 00 0C 60 48 8E 52 A0 00 00 F9 CD 00 00 5B 94 00 00 00 00 B2 5D | C2918: =MID(B2918,1,9) -> 01 03 20
A2919: [17:29:15.681]收← | B2919: 04 03 00 C8 00 11 04 6D | C2919: =MID(B2919,1,9) -> 04 03 00
A2920: [17:29:16.074]收← | B2920: 04 03 22 46 B8 00 00 3F 80 00 00 3F 80 00 00 3F 80 00 00 00 00 00 00 00 00 10 06 00 00 00 00 00 | C2920: =MID(B2920,1,9) -> 04 03 22
A2921: [17:29:16.130]收← | B2921: 00 00 00 00 00 31 51 | C2921: =MID(B2921,1,9) -> 00 00 00
A2922: [17:29:16.235]收← | B2922: 03 03 00 1E 00 05 E4 2D | C2922: =MID(B2922,1,9) -> 03 03 00
A2923: [17:29:16.319]收← | B2923: 03 03 0A 31 37 30 39 31 38 30 38 32 31 55 75 | C2923: =MID(B2923,1,9) -> 03 03 0A
A2924: [17:29:16.478]收← | B2924: 03 03 00 C8 00 11 05 DA | C2924: =MID(B2924,1,9) -> 03 03 00
A2925: [17:29:16.634]收← | B2925: 03 03 22 46 B8 03 33 C4 C7 20 00 41 20 00 00 C4 C4 20 00 00 00 00 00 00 00 10 00 00 00 00 00 00 00 00 00 01 81 FB | C2925: =MID(B2925,1,9) -> 03 03 22
A2926: [17:29:18.456]收← | B2926: 03 03 00 C8 00 11 05 DA | C2926: =MID(B2926,1,9) -> 03 03 00
A2927: [17:29:18.612]收← | B2927: 03 03 22 46 B8 03 33 C4 C7 20 00 41 20 00 00 C4 C4 20 00 00 00 00 00 00 00 10 00 00 00 00 00 00 00 00 00 00 00 D3 5C | C2927: =MID(B2927,1,9) -> 03 03 22
... A3046: [17:29:49.583]收← | B3046: 02 03 00 C8 00 11 04 0B | C3046: =MID(B3046,1,9) -> 02 03 00
A3047: [17:29:49.708]收← | B3047: 2 | C3047: =MID(B3047,1,9) -> 2
A3048: [17:29:49.835]收← | B3048: 03 22 46 B7 E8 00 C4 C7 40 00 41 30 00 00 C4 C4 60 00 00 00 00 00 00 00 10 00 00 | C3048: =MID(B3048,1,9) -> 03 22 46
A3049: [17:29:49.898]收← | B3049: 00 00 00 00 00 00 00 00 00 DB 5A | C3049: =MID(B3049,1,9) -> 00 00 00
A3050: [17:29:50.009]收← | B3050: 01 03 00 00 00 10 44 06 | C3050: =MID(B3050,1,9) -> 01 03 00
A3051: [17:29:50.206]收← | B3051: 01 03 20 3D D6 00 00 C1 FA 00 00 11 23 00 00 00 00 0C 60 48 8E 54 20 00 00 F9 CD 00 00 5B 94 00 00 00 00 68 1B | C3051: =MID(B3051,1,9) -> 01 03 20
A3052: [17:29:51.697]收← | B3052: 04 03 00 C8 00 11 04 6D | C3052: =MID(B3052,1,9) -> 04 03 00
A3053: [17:29:52.093]收← | B3053: 04 03 22 46 B8 00 00 3F 80 00 00 3F 80 00 00 3F 80 00 00 00 00 00 00 00 00 10 06 00 00 00 00 00 00 00 00 00 00 31 51 | C3053: =MID(B3053,1,9) -> 04 03 22
A3054: [17:29:52.242]收← | B3054: 03 03 00 1E 00 05 E4 2D | C3054: =MID(B3054,1,9) -> 03 03 00
A3055: [17:29:52.332]收← | B3055: 03 03 0A 31 37 30 39 31 38 30 38 32 31 55 75 | C3055: =MID(B3055,1,9) -> 03 03 0A
A3056: [17:29:52.475]收← | B3056: 03 03 00 C8 00 11 05 DA | C3056: =MID(B3056,1,9) -> 03 03 00
A3057: [17:29:52.640]收← | B3057: 03 03 22 46 B8 03 33 C4 C7 20 00 41 20 00 00 C4 C4 19 9A 00 00 00 00 00 00 10 00 00 00 00 00 00 00 00 00 00 00 3C F4 | C3057: =MID(B3057,1,9) -> 03 03 22
A3058: [17:29:52.829]收← | B3058: 03 03 00 C8 00 11 05 DA | C3058: =MID(B3058,1,9) -> 03 03 00
A3059: [17:29:52.984]收← | B3059: 03 03 22 46 B8 03 33 C4 C7 20 00 41 20 00 00 C4 C4 19 9A 00 00 00 00 00 00 10 00 00 00 00 00 00 00 00 00 05 DA | C3059: =MID(B3059,1,9) -> 03 03 22
... A3111: [17:30:03.766]收← | B3111: 02 03 01 9A 00 21 A4 32 | C3111: =MID(B3111,1,9) -> 02 03 01
A3112: [17:30:03.925]收← | B3112: 2 | C3112: =MID(B3112,1,9) -> 2
A3113: [17:30:03.997]收← | B3113: 03 42 FF FF 3F 80 00 00 3F 80 00 00 | C3113: =MID(B3113,1,9) -> 03 42 FF
A3114: [17:30:04.136]收← | B3114: 3F 80 00 00 3F 80 00 00 3F 80 00 00 3F 80 00 00 3F 80 00 00 3F 80 00 00 3F 80 00 00 3F 80 00 00 3F 80 00 00 3F 80 00 00 3F | C3114: =MID(B3114,1,9) -> 3F 80 00
A3115: [17:30:04.248]收← | B3115: 80 00 00 3F 80 00 00 3F 80 00 00 3F 80 00 00 1D E6 | C3115: =MID(B3115,1,9) -> 80 00 00
A3116: [17:30:04.379]收← | B3116: 01 03 00 00 00 10 44 06 | C3116: =MID(B3116,1,9) -> 01 03 00
A3117: [17:30:04.579]收← | B3117: 01 03 20 3F BD 00 00 C1 FB 00 00 11 23 00 00 00 00 0C 60 48 8E 53 E0 00 00 F9 CD 00 00 5B 94 00 00 00 00 A1 B4 | C3117: =MID(B3117,1,9) -> 01 03 20
A3118: [17:30:04.711]收← | B3118: 04 03 00 C8 00 11 04 6D | C3118: =MID(B3118,1,9) -> 04 03 00
A3119: [17:30:05.232]收← | B3119: 04 03 22 46 B8 00 00 3F 80 00 00 3F 80 00 00 3F 80 00 00 00 00 00 00 00 00 10 06 00 00 00 00 00 00 00 00 00 00 31 51 | C3119: =MID(B3119,1,9) -> 04 03 22
A3120: [17:30:05.379]收← | B3120: 03 03 00 1E 00 05 E4 2D | C3120: =MID(B3120,1,9) -> 03 03 00
A3121: [17:30:05.461]收← | B3121: 03 03 0A 31 37 30 39 31 38 30 38 32 31 55 75 | C3121: =MID(B3121,1,9) -> 03 03 0A
A3122: [17:30:05.620]收← | B3122: 02 03 00 C8 00 11 04 0B | C3122: =MID(B3122,1,9) -> 02 03 00
A3123: [17:30:05.856]收← | B3123: 02 03 22 46 B7 E8 00 C4 C7 40 00 41 30 00 | C3123: =MID(B3123,1,9) -> 02 03 22
A3124: [17:30:05.971]收← | B3124: 00 C4 C4 60 00 00 00 00 00 00 00 10 00 00 00 00 00 00 00 00 00 00 00 DB 5A | C3124: =MID(B3124,1,9) -> 00 C4 C4
... A3323: [17:31:03.434]收← | B3323: 02 03 00 C8 00 11 04 0B | C3323: =MID(B3323,1,9) -> 02 03 00
A3324: [17:31:03.615]收← | B3324: 2 | C3324: =MID(B3324,1,9) -> 2
A3325: [17:31:03.688]收← | B3325: 03 22 46 B7 E8 00 C4 C7 20 00 41 30 00 | C3325: =MID(B3325,1,9) -> 03 22 46
A3326: [17:31:03.754]收← | B3326: 00 C4 C4 40 00 00 00 00 00 00 00 10 00 | C3326: =MID(B3326,1,9) -> 00 C4 C4
...

Sheet 分布测量
C1: 0 | D1: 1 | E1: 2 | F1: 3 | G1: 4 | H1: 5 | I1: 6 | J1: 7 | K1: 8 | L1: 9 | M1: 10 | N1: 11 | O1: 12 | P1: 13 | Q1: 14 | R1: 15
C2: 浮子位置 | D2: 浮子状态 | E2: 温度 | F2: 温度状态 | G2: 密度值 | H2: 密度状态 | I2: 下发指令 | J2: 设备工作状态 | K2: （幅值）未知 | L2: 频率值 | M2: 未知状态位 | N2: 温度 | O2: 温度状态 | P2: 液位值 | Q2: 液位状态 | R2: 位置 | S2: 状态解析
A3: [17:16:30.395]收← | B3: 01 03 20 26 67 00 00 C1 FA 00 00 11 23 00 00 00 00 08 40 48 8E 52 20 00 00 F9 CD 00 00 5B 94 00 00 00 00 AA A1 | C3: =HEX2DEC(MID($B3,10+6*C1,2)&MID($B3,13+6*C1,2)) -> 9831 | D3: =HEX2DEC(MID($B3,10+6*D$1,2)&MID($B3,13+6*D$1,2)) -> 0 | E3: =(HEX2DEC(MID($B3,10+6*E$1,2)&MID($B3,13+6*E$1,2))-65536)/100 -> -158.78 | F3: =HEX2DEC(MID($B3,10+6*F$1,2)&MID($B3,13+6*F$1,2)) -> 0 | G3: =HEX2DEC(MID($B3,10+6*G$1,2)&MID($B3,13+6*G$1,2))/10 -> 438.7 | H3: =HEX2DEC(MID($B3,10+6*H$1,2)&MID($B3,13+6*H$1,2)) -> 0 | I3: =HEX2DEC(MID($B3,10+6*I$1,2)&MID($B3,13+6*I$1,2)) -> 0 | J3: =HEX2DEC(MID($B3,10+6*J$1,2)&MID($B3,13+6*J$1,2)) -> 2112 | K3: =HEX2DEC(MID($B3,10+6*K$1,2)&MID($B3,13+6*K$1,2)) -> 18574 | L3: =HEX2DEC(MID($B3,10+6*L$1,2)&MID($B3,13+6*L$1,2))/10 -> 2102.4 | M3: =HEX2DEC(MID($B3,10+6*M$1,2)&MID($B3,13+6*M$1,2)) -> 0 | N3: =(HEX2DEC(MID($B3,10+6*N$1,2)&MID($B3,13+6*N$1,2))-65536)/10 -> -158.7 | O3: =HEX2DEC(MID($B3,10+6*O$1,2)&MID($B3,13+6*O$1,2)) -> 0 | P3: =HEX2DEC(MID($B3,10+6*P$1,2)&MID($B3,13+6*P$1,2)) -> 23444 | Q3: =HEX2DEC(MID($B3,10+6*Q$1,2)&MID($B3,13+6*Q$1,2)) -> 0 | R3: =HEX2DEC(MID($B3,10+6*R$1,2)&MID($B3,13+6*R$1,2)) -> 0 | S3: =VLOOKUP(J3,设备状态表!$D$3:$E$14,2,0) -> 向下运动到固定点监测
A4: [17:16:33.404]收← | B4: 01 03 20 26 00 00 00 C1 FA 00 00 11 22 00 00 00 00 08 40 48 8E 52 40 00 00 F9 CD 00 00 5B 94 00 00 00 00 17 68 | C4: =HEX2DEC(MID(B4,10,2)&MID(B4,13,2)) -> 9728 | D4: =HEX2DEC(MID($B4,10+6*D$1,2)&MID($B4,13+6*D$1,2)) -> 0 | E4: =(HEX2DEC(MID($B4,10+6*E$1,2)&MID($B4,13+6*E$1,2))-65536)/100 -> -158.78 | F4: =HEX2DEC(MID($B4,10+6*F$1,2)&MID($B4,13+6*F$1,2)) -> 0 | G4: =HEX2DEC(MID($B4,10+6*G$1,2)&MID($B4,13+6*G$1,2))/10 -> 438.6 | H4: =HEX2DEC(MID($B4,10+6*H$1,2)&MID($B4,13+6*H$1,2)) -> 0 | I4: =HEX2DEC(MID($B4,10+6*I$1,2)&MID($B4,13+6*I$1,2)) -> 0 | J4: =HEX2DEC(MID($B4,10+6*J$1,2)&MID($B4,13+6*J$1,2)) -> 2112 | K4: =HEX2DEC(MID($B4,10+6*K$1,2)&MID($B4,13+6*K$1,2)) -> 18574 | L4: =HEX2DEC(MID($B4,10+6*L$1,2)&MID($B4,13+6*L$1,2))/10 -> 2105.6 | M4: =HEX2DEC(MID($B4,10+6*M$1,2)&MID($B4,13+6*M$1,2)) -> 0 | N4: =(HEX2DEC(MID($B4,10+6*N$1,2)&MID($B4,13+6*N$1,2))-65536)/10 -> -158.7 | O4: =HEX2DEC(MID($B4,10+6*O$1,2)&MID($B4,13+6*O$1,2)) -> 0 | P4: =HEX2DEC(MID($B4,10+6*P$1,2)&MID($B4,13+6*P$1,2)) -> 23444 | Q4: =HEX2DEC(MID($B4,10+6*Q$1,2)&MID($B4,13+6*Q$1,2)) -> 0 | R4: =HEX2DEC(MID($B4,10+6*R$1,2)&MID($B4,13+6*R$1,2)) -> 0 | S4: =VLOOKUP(J4,设备状态表!$D$3:$E$14,2,0) -> 向下运动到固定点监测
A5: [17:16:36.388]收← | B5: 01 03 20 25 9C 00 00 C1 F9 00 00 11 22 00 00 00 00 08 40 48 8E 52 60 00 00 F9 CD 00 00 5B 94 00 00 00 00 A9 3C | C5: =HEX2DEC(MID(B5,10,2)&MID(B5,13,2)) -> 9628 | D5: =HEX2DEC(MID($B5,10+6*D$1,2)&MID($B5,13+6*D$1,2)) -> 0 | E5: =(HEX2DEC(MID($B5,10+6*E$1,2)&MID($B5,13+6*E$1,2))-65536)/100 -> -158.79 | F5: =HEX2DEC(MID($B5,10+6*F$1,2)&MID($B5,13+6*F$1,2)) -> 0 | G5: =HEX2DEC(MID($B5,10+6*G$1,2)&MID($B5,13+6*G$1,2))/10 -> 438.6 | H5: =HEX2DEC(MID($B5,10+6*H$1,2)&MID($B5,13+6*H$1,2)) -> 0 | I5: =HEX2DEC(MID($B5,10+6*I$1,2)&MID($B5,13+6*I$1,2)) -> 0 | J5: =HEX2DEC(MID($B5,10+6*J$1,2)&MID($B5,13+6*J$1,2)) -> 2112 | K5: =HEX2DEC(MID($B5,10+6*K$1,2)&MID($B5,13+6*K$1,2)) -> 18574 | L5: =HEX2DEC(MID($B5,10+6*L$1,2)&MID($B5,13+6*L$1,2))/10 -> 2108.8 | M5: =HEX2DEC(MID($B5,10+6*M$1,2)&MID($B5,13+6*M$1,2)) -> 0 | N5: =(HEX2DEC(MID($B5,10+6*N$1,2)&MID($B5,13+6*N$1,2))-65536)/10 -> -158.7 | O5: =HEX2DEC(MID($B5,10+6*O$1,2)&MID($B5,13+6*O$1,2)) -> 0 | P5: =HEX2DEC(MID($B5,10+6*P$1,2)&MID($B5,13+6*P$1,2)) -> 23444 | Q5: =HEX2DEC(MID($B5,10+6*Q$1,2)&MID($B5,13+6*Q$1,2)) -> 0 | R5: =HEX2DEC(MID($B5,10+6*R$1,2)&MID($B5,13+6*R$1,2)) -> 0 | S5: =VLOOKUP(J5,设备状态表!$D$3:$E$14,2,0) -> 向下运动到固定点监测
A6: [17:16:39.361]收← | B6: 01 03 20 25 3A 00 00 C1 FA 00 00 11 22 00 00 00 00 08 40 48 8E 51 E0 00 00 F9 CD 00 00 5B 94 00 00 00 00 34 60 | C6: =HEX2DEC(MID(B6,10,2)&MID(B6,13,2)) -> 9530 | D6: =HEX2DEC(MID($B6,10+6*D$1,2)&MID($B6,13+6*D$1,2)) -> 0 | E6: =(HEX2DEC(MID($B6,10+6*E$1,2)&MID($B6,13+6*E$1,2))-65536)/100 -> -158.78 | F6: =HEX2DEC(MID($B6,10+6*F$1,2)&MID($B6,13+6*F$1,2)) -> 0 | G6: =HEX2DEC(MID($B6,10+6*G$1,2)&MID($B6,13+6*G$1,2))/10 -> 438.6 | H6: =HEX2DEC(MID($B6,10+6*H$1,2)&MID($B6,13+6*H$1,2)) -> 0 | I6: =HEX2DEC(MID($B6,10+6*I$1,2)&MID($B6,13+6*I$1,2)) -> 0 | J6: =HEX2DEC(MID($B6,10+6*J$1,2)&MID($B6,13+6*J$1,2)) -> 2112 | K6: =HEX2DEC(MID($B6,10+6*K$1,2)&MID($B6,13+6*K$1,2)) -> 18574 | L6: =HEX2DEC(MID($B6,10+6*L$1,2)&MID($B6,13+6*L$1,2))/10 -> 2096 | M6: =HEX2DEC(MID($B6,10+6*M$1,2)&MID($B6,13+6*M$1,2)) -> 0 | N6: =(HEX2DEC(MID($B6,10+6*N$1,2)&MID($B6,13+6*N$1,2))-65536)/10 -> -158.7 | O6: =HEX2DEC(MID($B6,10+6*O$1,2)&MID($B6,13+6*O$1,2)) -> 0 | P6: =HEX2DEC(MID($B6,10+6*P$1,2)&MID($B6,13+6*P$1,2)) -> 23444 | Q6: =HEX2DEC(MID($B6,10+6*Q$1,2)&MID($B6,13+6*Q$1,2)) -> 0 | R6: =HEX2DEC(MID($B6,10+6*R$1,2)&MID($B6,13+6*R$1,2)) -> 0 | S6: =VLOOKUP(J6,设备状态表!$D$3:$E$14,2,0) -> 向下运动到固定点监测
A7: [17:16:47.686]收← | B7: 01 03 20 24 22 00 00 C1 FB 00 00 11 22 00 00 00 00 08 40 48 8E 51 C0 00 00 F9 CD 00 00 5B 94 00 00 00 00 34 23 | C7: =HEX2DEC(MID(B7,10,2)&MID(B7,13,2)) -> 9250 | D7: =HEX2DEC(MID($B7,10+6*D$1,2)&MID($B7,13+6*D$1,2)) -> 0 | E7: =(HEX2DEC(MID($B7,10+6*E$1,2)&MID($B7,13+6*E$1,2))-65536)/100 -> -158.77 | F7: =HEX2DEC(MID($B7,10+6*F$1,2)&MID($B7,13+6*F$1,2)) -> 0 | G7: =HEX2DEC(MID($B7,10+6*G$1,2)&MID($B7,13+6*G$1,2))/10 -> 438.6 | H7: =HEX2DEC(MID($B7,10+6*H$1,2)&MID($B7,13+6*H$1,2)) -> 0 | I7: =HEX2DEC(MID($B7,10+6*I$1,2)&MID($B7,13+6*I$1,2)) -> 0 | J7: =HEX2DEC(MID($B7,10+6*J$1,2)&MID($B7,13+6*J$1,2)) -> 2112 | K7: =HEX2DEC(MID($B7,10+6*K$1,2)&MID($B7,13+6*K$1,2)) -> 18574 | L7: =HEX2DEC(MID($B7,10+6*L$1,2)&MID($B7,13+6*L$1,2))/10 -> 2092.8 | M7: =HEX2DEC(MID($B7,10+6*M$1,2)&MID($B7,13+6*M$1,2)) -> 0 | N7: =(HEX2DEC(MID($B7,10+6*N$1,2)&MID($B7,13+6*N$1,2))-65536)/10 -> -158.7 | O7: =HEX2DEC(MID($B7,10+6*O$1,2)&MID($B7,13+6*O$1,2)) -> 0 | P7: =HEX2DEC(MID($B7,10+6*P$1,2)&MID($B7,13+6*P$1,2)) -> 23444 | Q7: =HEX2DEC(MID($B7,10+6*Q$1,2)&MID($B7,13+6*Q$1,2)) -> 0 | R7: =HEX2DEC(MID($B7,10+6*R$1,2)&MID($B7,13+6*R$1,2)) -> 0 | S7: =VLOOKUP(J7,设备状态表!$D$3:$E$14,2,0) -> 向下运动到固定点监测
A8: [17:16:49.248]收← | B8: 01 03 20 23 EE 00 00 C1 FB 00 00 11 22 00 00 00 00 08 40 48 8E 52 60 00 00 F9 CD 00 00 5B 94 00 00 00 00 75 6F | C8: =HEX2DEC(MID(B8,10,2)&MID(B8,13,2)) -> 9198 | D8: =HEX2DEC(MID($B8,10+6*D$1,2)&MID($B8,13+6*D$1,2)) -> 0 | E8: =(HEX2DEC(MID($B8,10+6*E$1,2)&MID($B8,13+6*E$1,2))-65536)/100 -> -158.77 | F8: =HEX2DEC(MID($B8,10+6*F$1,2)&MID($B8,13+6*F$1,2)) -> 0 | G8: =HEX2DEC(MID($B8,10+6*G$1,2)&MID($B8,13+6*G$1,2))/10 -> 438.6 | H8: =HEX2DEC(MID($B8,10+6*H$1,2)&MID($B8,13+6*H$1,2)) -> 0 | I8: =HEX2DEC(MID($B8,10+6*I$1,2)&MID($B8,13+6*I$1,2)) -> 0 | J8: =HEX2DEC(MID($B8,10+6*J$1,2)&MID($B8,13+6*J$1,2)) -> 2112 | K8: =HEX2DEC(MID($B8,10+6*K$1,2)&MID($B8,13+6*K$1,2)) -> 18574 | L8: =HEX2DEC(MID($B8,10+6*L$1,2)&MID($B8,13+6*L$1,2))/10 -> 2108.8 | M8: =HEX2DEC(MID($B8,10+6*M$1,2)&MID($B8,13+6*M$1,2)) -> 0 | N8: =(HEX2DEC(MID($B8,10+6*N$1,2)&MID($B8,13+6*N$1,2))-65536)/10 -> -158.7 | O8: =HEX2DEC(MID($B8,10+6*O$1,2)&MID($B8,13+6*O$1,2)) -> 0 | P8: =HEX2DEC(MID($B8,10+6*P$1,2)&MID($B8,13+6*P$1,2)) -> 23444 | Q8: =HEX2DEC(MID($B8,10+6*Q$1,2)&MID($B8,13+6*Q$1,2)) -> 0 | R8: =HEX2DEC(MID($B8,10+6*R$1,2)&MID($B8,13+6*R$1,2)) -> 0 | S8: =VLOOKUP(J8,设备状态表!$D$3:$E$14,2,0) -> 向下运动到固定点监测
A9: [17:16:52.302]收← | B9: 01 03 20 23 87 00 00 C1 FA 00 00 11 22 00 00 00 00 08 40 48 8E 51 A0 00 00 F9 CD 00 00 5B 94 00 00 00 00 99 DD | C9: =HEX2DEC(MID(B9,10,2)&MID(B9,13,2)) -> 9095 | D9: =HEX2DEC(MID($B9,10+6*D$1,2)&MID($B9,13+6*D$1,2)) -> 0 | E9: =(HEX2DEC(MID($B9,10+6*E$1,2)&MID($B9,13+6*E$1,2))-65536)/100 -> -158.78 | F9: =HEX2DEC(MID($B9,10+6*F$1,2)&MID($B9,13+6*F$1,2)) -> 0 | G9: =HEX2DEC(MID($B9,10+6*G$1,2)&MID($B9,13+6*G$1,2))/10 -> 438.6 | H9: =HEX2DEC(MID($B9,10+6*H$1,2)&MID($B9,13+6*H$1,2)) -> 0 | I9: =HEX2DEC(MID($B9,10+6*I$1,2)&MID($B9,13+6*I$1,2)) -> 0 | J9: =HEX2DEC(MID($B9,10+6*J$1,2)&MID($B9,13+6*J$1,2)) -> 2112 | K9: =HEX2DEC(MID($B9,10+6*K$1,2)&MID($B9,13+6*K$1,2)) -> 18574 | L9: =HEX2DEC(MID($B9,10+6*L$1,2)&MID($B9,13+6*L$1,2))/10 -> 2089.6 | M9: =HEX2DEC(MID($B9,10+6*M$1,2)&MID($B9,13+6*M$1,2)) -> 0 | N9: =(HEX2DEC(MID($B9,10+6*N$1,2)&MID($B9,13+6*N$1,2))-65536)/10 -> -158.7 | O9: =HEX2DEC(MID($B9,10+6*O$1,2)&MID($B9,13+6*O$1,2)) -> 0 | P9: =HEX2DEC(MID($B9,10+6*P$1,2)&MID($B9,13+6*P$1,2)) -> 23444 | Q9: =HEX2DEC(MID($B9,10+6*Q$1,2)&MID($B9,13+6*Q$1,2)) -> 0 | R9: =HEX2DEC(MID($B9,10+6*R$1,2)&MID($B9,13+6*R$1,2)) -> 0 | S9: =VLOOKUP(J9,设备状态表!$D$3:$E$14,2,0) -> 向下运动到固定点监测
A10: [17:16:55.298]收← | B10: 01 03 20 23 23 00 00 C1 FA 00 00 11 22 00 00 00 00 08 40 48 8E 52 20 00 00 F9 CD 00 00 5B 94 00 00 00 00 24 87 | C10: =HEX2DEC(MID(B10,10,2)&MID(B10,13,2)) -> 8995 | D10: =HEX2DEC(MID($B10,10+6*D$1,2)&MID($B10,13+6*D$1,2)) -> 0 | E10: =(HEX2DEC(MID($B10,10+6*E$1,2)&MID($B10,13+6*E$1,2))-65536)/100 -> -158.78 | F10: =HEX2DEC(MID($B10,10+6*F$1,2)&MID($B10,13+6*F$1,2)) -> 0 | G10: =HEX2DEC(MID($B10,10+6*G$1,2)&MID($B10,13+6*G$1,2))/10 -> 438.6 | H10: =HEX2DEC(MID($B10,10+6*H$1,2)&MID($B10,13+6*H$1,2)) -> 0 | I10: =HEX2DEC(MID($B10,10+6*I$1,2)&MID($B10,13+6*I$1,2)) -> 0 | J10: =HEX2DEC(MID($B10,10+6*J$1,2)&MID($B10,13+6*J$1,2)) -> 2112 | K10: =HEX2DEC(MID($B10,10+6*K$1,2)&MID($B10,13+6*K$1,2)) -> 18574 | L10: =HEX2DEC(MID($B10,10+6*L$1,2)&MID($B10,13+6*L$1,2))/10 -> 2102.4 | M10: =HEX2DEC(MID($B10,10+6*M$1,2)&MID($B10,13+6*M$1,2)) -> 0 | N10: =(HEX2DEC(MID($B10,10+6*N$1,2)&MID($B10,13+6*N$1,2))-65536)/10 -> -158.7 | O10: =HEX2DEC(MID($B10,10+6*O$1,2)&MID($B10,13+6*O$1,2)) -> 0 | P10: =HEX2DEC(MID($B10,10+6*P$1,2)&MID($B10,13+6*P$1,2)) -> 23444 | Q10: =HEX2DEC(MID($B10,10+6*Q$1,2)&MID($B10,13+6*Q$1,2)) -> 0 | R10: =HEX2DEC(MID($B10,10+6*R$1,2)&MID($B10,13+6*R$1,2)) -> 0 | S10: =VLOOKUP(J10,设备状态表!$D$3:$E$14,2,0) -> 向下运动到固定点监测
A11: [17:16:58.270]收← | B11: 01 03 20 22 C1 00 00 C1 FA 00 00 11 22 00 00 00 00 08 40 48 8E 51 40 00 00 F9 CD 00 00 5B 94 00 00 00 00 87 F7 | C11: =HEX2DEC(MID(B11,10,2)&MID(B11,13,2)) -> 8897 | D11: =HEX2DEC(MID($B11,10+6*D$1,2)&MID($B11,13+6*D$1,2)) -> 0 | E11: =(HEX2DEC(MID($B11,10+6*E$1,2)&MID($B11,13+6*E$1,2))-65536)/100 -> -158.78 | F11: =HEX2DEC(MID($B11,10+6*F$1,2)&MID($B11,13+6*F$1,2)) -> 0 | G11: =HEX2DEC(MID($B11,10+6*G$1,2)&MID($B11,13+6*G$1,2))/10 -> 438.6 | H11: =HEX2DEC(MID($B11,10+6*H$1,2)&MID($B11,13+6*H$1,2)) -> 0 | I11: =HEX2DEC(MID($B11,10+6*I$1,2)&MID($B11,13+6*I$1,2)) -> 0 | J11: =HEX2DEC(MID($B11,10+6*J$1,2)&MID($B11,13+6*J$1,2)) -> 2112 | K11: =HEX2DEC(MID($B11,10+6*K$1,2)&MID($B11,13+6*K$1,2)) -> 18574 | L11: =HEX2DEC(MID($B11,10+6*L$1,2)&MID($B11,13+6*L$1,2))/10 -> 2080 | M11: =HEX2DEC(MID($B11,10+6*M$1,2)&MID($B11,13+6*M$1,2)) -> 0 | N11: =(HEX2DEC(MID($B11,10+6*N$1,2)&MID($B11,13+6*N$1,2))-65536)/10 -> -158.7 | O11: =HEX2DEC(MID($B11,10+6*O$1,2)&MID($B11,13+6*O$1,2)) -> 0 | P11: =HEX2DEC(MID($B11,10+6*P$1,2)&MID($B11,13+6*P$1,2)) -> 23444 | Q11: =HEX2DEC(MID($B11,10+6*Q$1,2)&MID($B11,13+6*Q$1,2)) -> 0 | R11: =HEX2DEC(MID($B11,10+6*R$1,2)&MID($B11,13+6*R$1,2)) -> 0 | S11: =VLOOKUP(J11,设备状态表!$D$3:$E$14,2,0) -> 向下运动到固定点监测
A12: [17:17:01.338]收← | B12: 01 03 20 22 5B 00 00 C1 FA 00 00 11 22 00 00 00 00 08 40 48 8E 51 80 00 00 F9 CD 00 00 5B 94 00 00 00 00 26 B2 | C12: =HEX2DEC(MID(B12,10,2)&MID(B12,13,2)) -> 8795 | D12: =HEX2DEC(MID($B12,10+6*D$1,2)&MID($B12,13+6*D$1,2)) -> 0 | E12: =(HEX2DEC(MID($B12,10+6*E$1,2)&MID($B12,13+6*E$1,2))-65536)/100 -> -158.78 | F12: =HEX2DEC(MID($B12,10+6*F$1,2)&MID($B12,13+6*F$1,2)) -> 0 | G12: =HEX2DEC(MID($B12,10+6*G$1,2)&MID($B12,13+6*G$1,2))/10 -> 438.6 | H12: =HEX2DEC(MID($B12,10+6*H$1,2)&MID($B12,13+6*H$1,2)) -> 0 | I12: =HEX2DEC(MID($B12,10+6*I$1,2)&MID($B12,13+6*I$1,2)) -> 0 | J12: =HEX2DEC(MID($B12,10+6*J$1,2)&MID($B12,13+6*J$1,2)) -> 2112 | K12: =HEX2DEC(MID($B12,10+6*K$1,2)&MID($B12,13+6*K$1,2)) -> 18574 | L12: =HEX2DEC(MID($B12,10+6*L$1,2)&MID($B12,13+6*L$1,2))/10 -> 2086.4 | M12: =HEX2DEC(MID($B12,10+6*M$1,2)&MID($B12,13+6*M$1,2)) -> 0 | N12: =(HEX2DEC(MID($B12,10+6*N$1,2)&MID($B12,13+6*N$1,2))-65536)/10 -> -158.7 | O12: =HEX2DEC(MID($B12,10+6*O$1,2)&MID($B12,13+6*O$1,2)) -> 0 | P12: =HEX2DEC(MID($B12,10+6*P$1,2)&MID($B12,13+6*P$1,2)) -> 23444 | Q12: =HEX2DEC(MID($B12,10+6*Q$1,2)&MID($B12,13+6*Q$1,2)) -> 0 | R12: =HEX2DEC(MID($B12,10+6*R$1,2)&MID($B12,13+6*R$1,2)) -> 0 | S12: =VLOOKUP(J12,设备状态表!$D$3:$E$14,2,0) -> 向下运动到固定点监测
A13: [17:17:04.241]收← | B13: 01 03 20 21 FA 00 00 C1 FB 00 00 11 22 00 00 00 00 08 40 48 8E 51 E0 00 00 F9 CD 00 00 5B 94 00 00 00 00 C8 BE | C13: =HEX2DEC(MID(B13,10,2)&MID(B13,13,2)) -> 8698 | D13: =HEX2DEC(MID($B13,10+6*D$1,2)&MID($B13,13+6*D$1,2)) -> 0 | E13: =(HEX2DEC(MID($B13,10+6*E$1,2)&MID($B13,13+6*E$1,2))-65536)/100 -> -158.77 | F13: =HEX2DEC(MID($B13,10+6*F$1,2)&MID($B13,13+6*F$1,2)) -> 0 | G13: =HEX2DEC(MID($B13,10+6*G$1,2)&MID($B13,13+6*G$1,2))/10 -> 438.6 | H13: =HEX2DEC(MID($B13,10+6*H$1,2)&MID($B13,13+6*H$1,2)) -> 0 | I13: =HEX2DEC(MID($B13,10+6*I$1,2)&MID($B13,13+6*I$1,2)) -> 0 | J13: =HEX2DEC(MID($B13,10+6*J$1,2)&MID($B13,13+6*J$1,2)) -> 2112 | K13: =HEX2DEC(MID($B13,10+6*K$1,2)&MID($B13,13+6*K$1,2)) -> 18574 | L13: =HEX2DEC(MID($B13,10+6*L$1,2)&MID($B13,13+6*L$1,2))/10 -> 2096 | M13: =HEX2DEC(MID($B13,10+6*M$1,2)&MID($B13,13+6*M$1,2)) -> 0 | N13: =(HEX2DEC(MID($B13,10+6*N$1,2)&MID($B13,13+6*N$1,2))-65536)/10 -> -158.7 | O13: =HEX2DEC(MID($B13,10+6*O$1,2)&MID($B13,13+6*O$1,2)) -> 0 | P13: =HEX2DEC(MID($B13,10+6*P$1,2)&MID($B13,13+6*P$1,2)) -> 23444 | Q13: =HEX2DEC(MID($B13,10+6*Q$1,2)&MID($B13,13+6*Q$1,2)) -> 0 | R13: =HEX2DEC(MID($B13,10+6*R$1,2)&MID($B13,13+6*R$1,2)) -> 0 | S13: =VLOOKUP(J13,设备状态表!$D$3:$E$14,2,0) -> 向下运动到固定点监测
A14: [17:17:08.267]收← | B14: 01 03 20 21 73 00 00 C1 FA 00 00 11 22 00 00 00 00 08 40 48 8E 52 80 00 00 F9 CD 00 00 5B 94 00 00 00 00 A5 13 | C14: =HEX2DEC(MID(B14,10,2)&MID(B14,13,2)) -> 8563 | D14: =HEX2DEC(MID($B14,10+6*D$1,2)&MID($B14,13+6*D$1,2)) -> 0 | E14: =(HEX2DEC(MID($B14,10+6*E$1,2)&MID($B14,13+6*E$1,2))-65536)/100 -> -158.78 | F14: =HEX2DEC(MID($B14,10+6*F$1,2)&MID($B14,13+6*F$1,2)) -> 0 | G14: =HEX2DEC(MID($B14,10+6*G$1,2)&MID($B14,13+6*G$1,2))/10 -> 438.6 | H14: =HEX2DEC(MID($B14,10+6*H$1,2)&MID($B14,13+6*H$1,2)) -> 0 | I14: =HEX2DEC(MID($B14,10+6*I$1,2)&MID($B14,13+6*I$1,2)) -> 0 | J14: =HEX2DEC(MID($B14,10+6*J$1,2)&MID($B14,13+6*J$1,2)) -> 2112 | K14: =HEX2DEC(MID($B14,10+6*K$1,2)&MID($B14,13+6*K$1,2)) -> 18574 | L14: =HEX2DEC(MID($B14,10+6*L$1,2)&MID($B14,13+6*L$1,2))/10 -> 2112 | M14: =HEX2DEC(MID($B14,10+6*M$1,2)&MID($B14,13+6*M$1,2)) -> 0 | N14: =(HEX2DEC(MID($B14,10+6*N$1,2)&MID($B14,13+6*N$1,2))-65536)/10 -> -158.7 | O14: =HEX2DEC(MID($B14,10+6*O$1,2)&MID($B14,13+6*O$1,2)) -> 0 | P14: =HEX2DEC(MID($B14,10+6*P$1,2)&MID($B14,13+6*P$1,2)) -> 23444 | Q14: =HEX2DEC(MID($B14,10+6*Q$1,2)&MID($B14,13+6*Q$1,2)) -> 0 | R14: =HEX2DEC(MID($B14,10+6*R$1,2)&MID($B14,13+6*R$1,2)) -> 0 | S14: =VLOOKUP(J14,设备状态表!$D$3:$E$14,2,0) -> 向下运动到固定点监测
A15: [17:17:11.424]收← | B15: 01 03 20 21 09 00 00 C1 FA 00 00 11 22 00 00 00 00 08 40 48 8E 51 E0 00 00 F9 CD 00 00 5B 94 00 00 00 00 86 4A | C15: =HEX2DEC(MID(B15,10,2)&MID(B15,13,2)) -> 8457 | D15: =HEX2DEC(MID($B15,10+6*D$1,2)&MID($B15,13+6*D$1,2)) -> 0 | E15: =(HEX2DEC(MID($B15,10+6*E$1,2)&MID($B15,13+6*E$1,2))-65536)/100 -> -158.78 | F15: =HEX2DEC(MID($B15,10+6*F$1,2)&MID($B15,13+6*F$1,2)) -> 0 | G15: =HEX2DEC(MID($B15,10+6*G$1,2)&MID($B15,13+6*G$1,2))/10 -> 438.6 | H15: =HEX2DEC(MID($B15,10+6*H$1,2)&MID($B15,13+6*H$1,2)) -> 0 | I15: =HEX2DEC(MID($B15,10+6*I$1,2)&MID($B15,13+6*I$1,2)) -> 0 | J15: =HEX2DEC(MID($B15,10+6*J$1,2)&MID($B15,13+6*J$1,2)) -> 2112 | K15: =HEX2DEC(MID($B15,10+6*K$1,2)&MID($B15,13+6*K$1,2)) -> 18574 | L15: =HEX2DEC(MID($B15,10+6*L$1,2)&MID($B15,13+6*L$1,2))/10 -> 2096 | M15: =HEX2DEC(MID($B15,10+6*M$1,2)&MID($B15,13+6*M$1,2)) -> 0 | N15: =(HEX2DEC(MID($B15,10+6*N$1,2)&MID($B15,13+6*N$1,2))-65536)/10 -> -158.7 | O15: =HEX2DEC(MID($B15,10+6*O$1,2)&MID($B15,13+6*O$1,2)) -> 0 | P15: =HEX2DEC(MID($B15,10+6*P$1,2)&MID($B15,13+6*P$1,2)) -> 23444 | Q15: =HEX2DEC(MID($B15,10+6*Q$1,2)&MID($B15,13+6*Q$1,2)) -> 0 | R15: =HEX2DEC(MID($B15,10+6*R$1,2)&MID($B15,13+6*R$1,2)) -> 0 | S15: =VLOOKUP(J15,设备状态表!$D$3:$E$14,2,0) -> 向下运动到固定点监测
... A299: [17:33:34.843]收← | B299: 01 03 20 5B 98 00 00 C1 FB 00 00 11 1B 00 00 00 00 0C 60 48 8D AC 40 00 00 F9 CD 00 00 5B 94 00 00 00 00 48 B8 | C299: =HEX2DEC(MID(B299,10,2)&MID(B299,13,2)) -> 23448 | D299: =HEX2DEC(MID($B299,10+6*D$1,2)&MID($B299,13+6*D$1,2)) -> 0 | E299: =(HEX2DEC(MID($B299,10+6*E$1,2)&MID($B299,13+6*E$1,2))-65536)/100 -> -158.77 | F299: =HEX2DEC(MID($B299,10+6*F$1,2)&MID($B299,13+6*F$1,2)) -> 0 | G299: =HEX2DEC(MID($B299,10+6*G$1,2)&MID($B299,13+6*G$1,2))/10 -> 437.9 | H299: =HEX2DEC(MID($B299,10+6*H$1,2)&MID($B299,13+6*H$1,2)) -> 0 | I299: =HEX2DEC(MID($B299,10+6*I$1,2)&MID($B299,13+6*I$1,2)) -> 0 | J299: =HEX2DEC(MID($B299,10+6*J$1,2)&MID($B299,13+6*J$1,2)) -> 3168 | K299: =HEX2DEC(MID($B299,10+6*K$1,2)&MID($B299,13+6*K$1,2)) -> 18573 | L299: =HEX2DEC(MID($B299,10+6*L$1,2)&MID($B299,13+6*L$1,2))/10 -> 4409.6 | M299: =HEX2DEC(MID($B299,10+6*M$1,2)&MID($B299,13+6*M$1,2)) -> 0 | N299: =(HEX2DEC(MID($B299,10+6*N$1,2)&MID($B299,13+6*N$1,2))-65536)/10 -> -158.7 | O299: =HEX2DEC(MID($B299,10+6*O$1,2)&MID($B299,13+6*O$1,2)) -> 0 | P299: =HEX2DEC(MID($B299,10+6*P$1,2)&MID($B299,13+6*P$1,2)) -> 23444 | Q299: =HEX2DEC(MID($B299,10+6*Q$1,2)&MID($B299,13+6*Q$1,2)) -> 0 | R299: =HEX2DEC(MID($B299,10+6*R$1,2)&MID($B299,13+6*R$1,2)) -> 0 | S299: =VLOOKUP(J299,设备状态表!$D$3:$E$14,2,0) -> 向上运行，密度分布测量中
A300: [17:33:37.940]收← | B300: 01 03 20 5B 9D 00 00 C1 F9 00 00 0B 3E 00 00 00 00 18 40 48 7B CB 40 00 00 F9 CD 00 00 5B 98 00 00 00 00 CD 42 | C300: =HEX2DEC(MID(B300,10,2)&MID(B300,13,2)) -> 23453 | D300: =HEX2DEC(MID($B300,10+6*D$1,2)&MID($B300,13+6*D$1,2)) -> 0 | E300: =(HEX2DEC(MID($B300,10+6*E$1,2)&MID($B300,13+6*E$1,2))-65536)/100 -> -158.79 | F300: =HEX2DEC(MID($B300,10+6*F$1,2)&MID($B300,13+6*F$1,2)) -> 0 | G300: =HEX2DEC(MID($B300,10+6*G$1,2)&MID($B300,13+6*G$1,2))/10 -> 287.8 | H300: =HEX2DEC(MID($B300,10+6*H$1,2)&MID($B300,13+6*H$1,2)) -> 0 | I300: =HEX2DEC(MID($B300,10+6*I$1,2)&MID($B300,13+6*I$1,2)) -> 0 | J300: =HEX2DEC(MID($B300,10+6*J$1,2)&MID($B300,13+6*J$1,2)) -> 6208 | K300: =HEX2DEC(MID($B300,10+6*K$1,2)&MID($B300,13+6*K$1,2)) -> 18555 | L300: =HEX2DEC(MID($B300,10+6*L$1,2)&MID($B300,13+6*L$1,2))/10 -> 5203.2 | M300: =HEX2DEC(MID($B300,10+6*M$1,2)&MID($B300,13+6*M$1,2)) -> 0 | N300: =(HEX2DEC(MID($B300,10+6*N$1,2)&MID($B300,13+6*N$1,2))-65536)/10 -> -158.7 | O300: =HEX2DEC(MID($B300,10+6*O$1,2)&MID($B300,13+6*O$1,2)) -> 0 | P300: =HEX2DEC(MID($B300,10+6*P$1,2)&MID($B300,13+6*P$1,2)) -> 23448 | Q300: =HEX2DEC(MID($B300,10+6*Q$1,2)&MID($B300,13+6*Q$1,2)) -> 0 | R300: =HEX2DEC(MID($B300,10+6*R$1,2)&MID($B300,13+6*R$1,2)) -> 0 | S300: =VLOOKUP(J300,设备状态表!$D$3:$E$14,2,0) -> 下行到最低点，界面附近 | T300: 下一个包读密度
A301: [17:33:39.869]收← | B301: 01 03 20 5B 8D 00 00 C1 F9 00 00 0F F3 00 00 00 00 18 40 48 87 22 00 00 00 F9 CD 00 00 5B 98 00 00 00 00 90 6A | C301: =HEX2DEC(MID(B301,10,2)&MID(B301,13,2)) -> 23437 | D301: =HEX2DEC(MID($B301,10+6*D$1,2)&MID($B301,13+6*D$1,2)) -> 0 | E301: =(HEX2DEC(MID($B301,10+6*E$1,2)&MID($B301,13+6*E$1,2))-65536)/100 -> -158.79 | F301: =HEX2DEC(MID($B301,10+6*F$1,2)&MID($B301,13+6*F$1,2)) -> 0 | G301: =HEX2DEC(MID($B301,10+6*G$1,2)&MID($B301,13+6*G$1,2))/10 -> 408.3 | H301: =HEX2DEC(MID($B301,10+6*H$1,2)&MID($B301,13+6*H$1,2)) -> 0 | I301: =HEX2DEC(MID($B301,10+6*I$1,2)&MID($B301,13+6*I$1,2)) -> 0 | J301: =HEX2DEC(MID($B301,10+6*J$1,2)&MID($B301,13+6*J$1,2)) -> 6208 | K301: =HEX2DEC(MID($B301,10+6*K$1,2)&MID($B301,13+6*K$1,2)) -> 18567 | L301: =HEX2DEC(MID($B301,10+6*L$1,2)&MID($B301,13+6*L$1,2))/10 -> 870.4 | M301: =HEX2DEC(MID($B301,10+6*M$1,2)&MID($B301,13+6*M$1,2)) -> 0 | N301: =(HEX2DEC(MID($B301,10+6*N$1,2)&MID($B301,13+6*N$1,2))-65536)/10 -> -158.7 | O301: =HEX2DEC(MID($B301,10+6*O$1,2)&MID($B301,13+6*O$1,2)) -> 0 | P301: =HEX2DEC(MID($B301,10+6*P$1,2)&MID($B301,13+6*P$1,2)) -> 23448 | Q301: =HEX2DEC(MID($B301,10+6*Q$1,2)&MID($B301,13+6*Q$1,2)) -> 0 | R301: =HEX2DEC(MID($B301,10+6*R$1,2)&MID($B301,13+6*R$1,2)) -> 0 | S301: =VLOOKUP(J301,设备状态表!$D$3:$E$14,2,0) -> 下行到最低点，界面附近
A302: [17:33:48.749]收← | B302: 01 03 20 5A 8D 00 00 C1 F9 00 00 11 24 00 00 00 00 08 40 48 8E 56 C0 00 00 F9 CD 00 00 5B 98 00 00 00 00 3F FF | C302: =HEX2DEC(MID(B302,10,2)&MID(B302,13,2)) -> 23181 | D302: =HEX2DEC(MID($B302,10+6*D$1,2)&MID($B302,13+6*D$1,2)) -> 0 | E302: =(HEX2DEC(MID($B302,10+6*E$1,2)&MID($B302,13+6*E$1,2))-65536)/100 -> -158.79 | F302: =HEX2DEC(MID($B302,10+6*F$1,2)&MID($B302,13+6*F$1,2)) -> 0 | G302: =HEX2DEC(MID($B302,10+6*G$1,2)&MID($B302,13+6*G$1,2))/10 -> 438.8 | H302: =HEX2DEC(MID($B302,10+6*H$1,2)&MID($B302,13+6*H$1,2)) -> 0 | I302: =HEX2DEC(MID($B302,10+6*I$1,2)&MID($B302,13+6*I$1,2)) -> 0 | J302: =HEX2DEC(MID($B302,10+6*J$1,2)&MID($B302,13+6*J$1,2)) -> 2112 | K302: =HEX2DEC(MID($B302,10+6*K$1,2)&MID($B302,13+6*K$1,2)) -> 18574 | L302: =HEX2DEC(MID($B302,10+6*L$1,2)&MID($B302,13+6*L$1,2))/10 -> 2220.8 | M302: =HEX2DEC(MID($B302,10+6*M$1,2)&MID($B302,13+6*M$1,2)) -> 0 | N302: =(HEX2DEC(MID($B302,10+6*N$1,2)&MID($B302,13+6*N$1,2))-65536)/10 -> -158.7 | O302: =HEX2DEC(MID($B302,10+6*O$1,2)&MID($B302,13+6*O$1,2)) -> 0 | P302: =HEX2DEC(MID($B302,10+6*P$1,2)&MID($B302,13+6*P$1,2)) -> 23448 | Q302: =HEX2DEC(MID($B302,10+6*Q$1,2)&MID($B302,13+6*Q$1,2)) -> 0 | R302: =HEX2DEC(MID($B302,10+6*R$1,2)&MID($B302,13+6*R$1,2)) -> 0 | S302: =VLOOKUP(J302,设备状态表!$D$3:$E$14,2,0) -> 向下运动到固定点监测
A303: [17:33:51.826]收← | B303: 01 03 20 5A 27 00 00 C1 F8 00 00 11 24 00 00 00 00 08 40 48 8E 55 A0 00 00 F9 CD 00 00 5B 98 00 00 00 00 E3 81 | C303: =HEX2DEC(MID(B303,10,2)&MID(B303,13,2)) -> 23079 | D303: =HEX2DEC(MID($B303,10+6*D$1,2)&MID($B303,13+6*D$1,2)) -> 0 | E303: =(HEX2DEC(MID($B303,10+6*E$1,2)&MID($B303,13+6*E$1,2))-65536)/100 -> -158.8 | F303: =HEX2DEC(MID($B303,10+6*F$1,2)&MID($B303,13+6*F$1,2)) -> 0 | G303: =HEX2DEC(MID($B303,10+6*G$1,2)&MID($B303,13+6*G$1,2))/10 -> 438.8 | H303: =HEX2DEC(MID($B303,10+6*H$1,2)&MID($B303,13+6*H$1,2)) -> 0 | I303: =HEX2DEC(MID($B303,10+6*I$1,2)&MID($B303,13+6*I$1,2)) -> 0 | J303: =HEX2DEC(MID($B303,10+6*J$1,2)&MID($B303,13+6*J$1,2)) -> 2112 | K303: =HEX2DEC(MID($B303,10+6*K$1,2)&MID($B303,13+6*K$1,2)) -> 18574 | L303: =HEX2DEC(MID($B303,10+6*L$1,2)&MID($B303,13+6*L$1,2))/10 -> 2192 | M303: =HEX2DEC(MID($B303,10+6*M$1,2)&MID($B303,13+6*M$1,2)) -> 0 | N303: =(HEX2DEC(MID($B303,10+6*N$1,2)&MID($B303,13+6*N$1,2))-65536)/10 -> -158.7 | O303: =HEX2DEC(MID($B303,10+6*O$1,2)&MID($B303,13+6*O$1,2)) -> 0 | P303: =HEX2DEC(MID($B303,10+6*P$1,2)&MID($B303,13+6*P$1,2)) -> 23448 | Q303: =HEX2DEC(MID($B303,10+6*Q$1,2)&MID($B303,13+6*Q$1,2)) -> 0 | R303: =HEX2DEC(MID($B303,10+6*R$1,2)&MID($B303,13+6*R$1,2)) -> 0 | S303: =VLOOKUP(J303,设备状态表!$D$3:$E$14,2,0) -> 向下运动到固定点监测
A304: [17:33:54.801]收← | B304: 01 03 20 59 C6 00 00 C1 F9 00 00 11 24 00 00 00 00 08 40 48 8E 56 60 00 00 F9 CD 00 00 5B 98 00 00 00 00 8F CB | C304: =HEX2DEC(MID(B304,10,2)&MID(B304,13,2)) -> 22982 | D304: =HEX2DEC(MID($B304,10+6*D$1,2)&MID($B304,13+6*D$1,2)) -> 0 | E304: =(HEX2DEC(MID($B304,10+6*E$1,2)&MID($B304,13+6*E$1,2))-65536)/100 -> -158.79 | F304: =HEX2DEC(MID($B304,10+6*F$1,2)&MID($B304,13+6*F$1,2)) -> 0 | G304: =HEX2DEC(MID($B304,10+6*G$1,2)&MID($B304,13+6*G$1,2))/10 -> 438.8 | H304: =HEX2DEC(MID($B304,10+6*H$1,2)&MID($B304,13+6*H$1,2)) -> 0 | I304: =HEX2DEC(MID($B304,10+6*I$1,2)&MID($B304,13+6*I$1,2)) -> 0 | J304: =HEX2DEC(MID($B304,10+6*J$1,2)&MID($B304,13+6*J$1,2)) -> 2112 | K304: =HEX2DEC(MID($B304,10+6*K$1,2)&MID($B304,13+6*K$1,2)) -> 18574 | L304: =HEX2DEC(MID($B304,10+6*L$1,2)&MID($B304,13+6*L$1,2))/10 -> 2211.2 | M304: =HEX2DEC(MID($B304,10+6*M$1,2)&MID($B304,13+6*M$1,2)) -> 0 | N304: =(HEX2DEC(MID($B304,10+6*N$1,2)&MID($B304,13+6*N$1,2))-65536)/10 -> -158.7 | O304: =HEX2DEC(MID($B304,10+6*O$1,2)&MID($B304,13+6*O$1,2)) -> 0 | P304: =HEX2DEC(MID($B304,10+6*P$1,2)&MID($B304,13+6*P$1,2)) -> 23448 | Q304: =HEX2DEC(MID($B304,10+6*Q$1,2)&MID($B304,13+6*Q$1,2)) -> 0 | R304: =HEX2DEC(MID($B304,10+6*R$1,2)&MID($B304,13+6*R$1,2)) -> 0 | S304: =VLOOKUP(J304,设备状态表!$D$3:$E$14,2,0) -> 向下运动到固定点监测
A305: [17:33:58.816]收← | B305: 01 03 20 59 41 00 00 C1 FA 00 00 11 24 00 00 00 00 08 40 48 8E 55 C0 00 00 F9 CD 00 00 5B 98 00 00 00 00 FD E5 | C305: =HEX2DEC(MID(B305,10,2)&MID(B305,13,2)) -> 22849 | D305: =HEX2DEC(MID($B305,10+6*D$1,2)&MID($B305,13+6*D$1,2)) -> 0 | E305: =(HEX2DEC(MID($B305,10+6*E$1,2)&MID($B305,13+6*E$1,2))-65536)/100 -> -158.78 | F305: =HEX2DEC(MID($B305,10+6*F$1,2)&MID($B305,13+6*F$1,2)) -> 0 | G305: =HEX2DEC(MID($B305,10+6*G$1,2)&MID($B305,13+6*G$1,2))/10 -> 438.8 | H305: =HEX2DEC(MID($B305,10+6*H$1,2)&MID($B305,13+6*H$1,2)) -> 0 | I305: =HEX2DEC(MID($B305,10+6*I$1,2)&MID($B305,13+6*I$1,2)) -> 0 | J305: =HEX2DEC(MID($B305,10+6*J$1,2)&MID($B305,13+6*J$1,2)) -> 2112 | K305: =HEX2DEC(MID($B305,10+6*K$1,2)&MID($B305,13+6*K$1,2)) -> 18574 | L305: =HEX2DEC(MID($B305,10+6*L$1,2)&MID($B305,13+6*L$1,2))/10 -> 2195.2 | M305: =HEX2DEC(MID($B305,10+6*M$1,2)&MID($B305,13+6*M$1,2)) -> 0 | N305: =(HEX2DEC(MID($B305,10+6*N$1,2)&MID($B305,13+6*N$1,2))-65536)/10 -> -158.7 | O305: =HEX2DEC(MID($B305,10+6*O$1,2)&MID($B305,13+6*O$1,2)) -> 0 | P305: =HEX2DEC(MID($B305,10+6*P$1,2)&MID($B305,13+6*P$1,2)) -> 23448 | Q305: =HEX2DEC(MID($B305,10+6*Q$1,2)&MID($B305,13+6*Q$1,2)) -> 0 | R305: =HEX2DEC(MID($B305,10+6*R$1,2)&MID($B305,13+6*R$1,2)) -> 0 | S305: =VLOOKUP(J305,设备状态表!$D$3:$E$14,2,0) -> 向下运动到固定点监测
A306: [17:34:00.857]收← | B306: 01 03 20 58 FE 00 00 C1 FA 00 00 11 24 00 00 00 00 08 40 48 8E 56 C0 00 00 F9 CD 00 00 5B 98 00 00 00 00 8E DE | C306: =HEX2DEC(MID(B306,10,2)&MID(B306,13,2)) -> 22782 | D306: =HEX2DEC(MID($B306,10+6*D$1,2)&MID($B306,13+6*D$1,2)) -> 0 | E306: =(HEX2DEC(MID($B306,10+6*E$1,2)&MID($B306,13+6*E$1,2))-65536)/100 -> -158.78 | F306: =HEX2DEC(MID($B306,10+6*F$1,2)&MID($B306,13+6*F$1,2)) -> 0 | G306: =HEX2DEC(MID($B306,10+6*G$1,2)&MID($B306,13+6*G$1,2))/10 -> 438.8 | H306: =HEX2DEC(MID($B306,10+6*H$1,2)&MID($B306,13+6*H$1,2)) -> 0 | I306: =HEX2DEC(MID($B306,10+6*I$1,2)&MID($B306,13+6*I$1,2)) -> 0 | J306: =HEX2DEC(MID($B306,10+6*J$1,2)&MID($B306,13+6*J$1,2)) -> 2112 | K306: =HEX2DEC(MID($B306,10+6*K$1,2)&MID($B306,13+6*K$1,2)) -> 18574 | L306: =HEX2DEC(MID($B306,10+6*L$1,2)&MID($B306,13+6*L$1,2))/10 -> 2220.8 | M306: =HEX2DEC(MID($B306,10+6*M$1,2)&MID($B306,13+6*M$1,2)) -> 0 | N306: =(HEX2DEC(MID($B306,10+6*N$1,2)&MID($B306,13+6*N$1,2))-65536)/10 -> -158.7 | O306: =HEX2DEC(MID($B306,10+6*O$1,2)&MID($B306,13+6*O$1,2)) -> 0 | P306: =HEX2DEC(MID($B306,10+6*P$1,2)&MID($B306,13+6*P$1,2)) -> 23448 | Q306: =HEX2DEC(MID($B306,10+6*Q$1,2)&MID($B306,13+6*Q$1,2)) -> 0 | R306: =HEX2DEC(MID($B306,10+6*R$1,2)&MID($B306,13+6*R$1,2)) -> 0 | S306: =VLOOKUP(J306,设备状态表!$D$3:$E$14,2,0) -> 向下运动到固定点监测
A307: [17:34:10.428]收← | B307: 01 03 20 57 BF 00 00 C1 FA 00 00 11 24 00 00 00 00 08 40 48 8E 56 60 00 00 F9 CD 00 00 5B 98 00 00 00 00 98 BF | C307: =HEX2DEC(MID(B307,10,2)&MID(B307,13,2)) -> 22463 | D307: =HEX2DEC(MID($B307,10+6*D$1,2)&MID($B307,13+6*D$1,2)) -> 0 | E307: =(HEX2DEC(MID($B307,10+6*E$1,2)&MID($B307,13+6*E$1,2))-65536)/100 -> -158.78 | F307: =HEX2DEC(MID($B307,10+6*F$1,2)&MID($B307,13+6*F$1,2)) -> 0 | G307: =HEX2DEC(MID($B307,10+6*G$1,2)&MID($B307,13+6*G$1,2))/10 -> 438.8 | H307: =HEX2DEC(MID($B307,10+6*H$1,2)&MID($B307,13+6*H$1,2)) -> 0 | I307: =HEX2DEC(MID($B307,10+6*I$1,2)&MID($B307,13+6*I$1,2)) -> 0 | J307: =HEX2DEC(MID($B307,10+6*J$1,2)&MID($B307,13+6*J$1,2)) -> 2112 | K307: =HEX2DEC(MID($B307,10+6*K$1,2)&MID($B307,13+6*K$1,2)) -> 18574 | L307: =HEX2DEC(MID($B307,10+6*L$1,2)&MID($B307,13+6*L$1,2))/10 -> 2211.2 | M307: =HEX2DEC(MID($B307,10+6*M$1,2)&MID($B307,13+6*M$1,2)) -> 0 | N307: =(HEX2DEC(MID($B307,10+6*N$1,2)&MID($B307,13+6*N$1,2))-65536)/10 -> -158.7 | O307: =HEX2DEC(MID($B307,10+6*O$1,2)&MID($B307,13+6*O$1,2)) -> 0 | P307: =HEX2DEC(MID($B307,10+6*P$1,2)&MID($B307,13+6*P$1,2)) -> 23448 | Q307: =HEX2DEC(MID($B307,10+6*Q$1,2)&MID($B307,13+6*Q$1,2)) -> 0 | R307: =HEX2DEC(MID($B307,10+6*R$1,2)&MID($B307,13+6*R$1,2)) -> 0 | S307: =VLOOKUP(J307,设备状态表!$D$3:$E$14,2,0) -> 向下运动到固定点监测
A308: [17:34:11.981]收← | B308: 01 03 20 57 8C 00 00 C1 FA 00 00 11 24 00 00 00 00 08 40 48 8E 56 80 00 00 F9 CD 00 00 5B 98 00 00 00 00 56 C4 | C308: =HEX2DEC(MID(B308,10,2)&MID(B308,13,2)) -> 22412 | D308: =HEX2DEC(MID($B308,10+6*D$1,2)&MID($B308,13+6*D$1,2)) -> 0 | E308: =(HEX2DEC(MID($B308,10+6*E$1,2)&MID($B308,13+6*E$1,2))-65536)/100 -> -158.78 | F308: =HEX2DEC(MID($B308,10+6*F$1,2)&MID($B308,13+6*F$1,2)) -> 0 | G308: =HEX2DEC(MID($B308,10+6*G$1,2)&MID($B308,13+6*G$1,2))/10 -> 438.8 | H308: =HEX2DEC(MID($B308,10+6*H$1,2)&MID($B308,13+6*H$1,2)) -> 0 | I308: =HEX2DEC(MID($B308,10+6*I$1,2)&MID($B308,13+6*I$1,2)) -> 0 | J308: =HEX2DEC(MID($B308,10+6*J$1,2)&MID($B308,13+6*J$1,2)) -> 2112 | K308: =HEX2DEC(MID($B308,10+6*K$1,2)&MID($B308,13+6*K$1,2)) -> 18574 | L308: =HEX2DEC(MID($B308,10+6*L$1,2)&MID($B308,13+6*L$1,2))/10 -> 2214.4 | M308: =HEX2DEC(MID($B308,10+6*M$1,2)&MID($B308,13+6*M$1,2)) -> 0 | N308: =(HEX2DEC(MID($B308,10+6*N$1,2)&MID($B308,13+6*N$1,2))-65536)/10 -> -158.7 | O308: =HEX2DEC(MID($B308,10+6*O$1,2)&MID($B308,13+6*O$1,2)) -> 0 | P308: =HEX2DEC(MID($B308,10+6*P$1,2)&MID($B308,13+6*P$1,2)) -> 23448 | Q308: =HEX2DEC(MID($B308,10+6*Q$1,2)&MID($B308,13+6*Q$1,2)) -> 0 | R308: =HEX2DEC(MID($B308,10+6*R$1,2)&MID($B308,13+6*R$1,2)) -> 0 | S308: =VLOOKUP(J308,设备状态表!$D$3:$E$14,2,0) -> 向下运动到固定点监测
A309: [17:34:15.059]收← | B309: 01 03 20 57 24 00 00 C1 FB 00 00 11 24 00 00 00 00 08 40 48 8E 56 C0 00 00 F9 CD 00 00 5B 98 00 00 00 00 D7 18 | C309: =HEX2DEC(MID(B309,10,2)&MID(B309,13,2)) -> 22308 | D309: =HEX2DEC(MID($B309,10+6*D$1,2)&MID($B309,13+6*D$1,2)) -> 0 | E309: =(HEX2DEC(MID($B309,10+6*E$1,2)&MID($B309,13+6*E$1,2))-65536)/100 -> -158.77 | F309: =HEX2DEC(MID($B309,10+6*F$1,2)&MID($B309,13+6*F$1,2)) -> 0 | G309: =HEX2DEC(MID($B309,10+6*G$1,2)&MID($B309,13+6*G$1,2))/10 -> 438.8 | H309: =HEX2DEC(MID($B309,10+6*H$1,2)&MID($B309,13+6*H$1,2)) -> 0 | I309: =HEX2DEC(MID($B309,10+6*I$1,2)&MID($B309,13+6*I$1,2)) -> 0 | J309: =HEX2DEC(MID($B309,10+6*J$1,2)&MID($B309,13+6*J$1,2)) -> 2112 | K309: =HEX2DEC(MID($B309,10+6*K$1,2)&MID($B309,13+6*K$1,2)) -> 18574 | L309: =HEX2DEC(MID($B309,10+6*L$1,2)&MID($B309,13+6*L$1,2))/10 -> 2220.8 | M309: =HEX2DEC(MID($B309,10+6*M$1,2)&MID($B309,13+6*M$1,2)) -> 0 | N309: =(HEX2DEC(MID($B309,10+6*N$1,2)&MID($B309,13+6*N$1,2))-65536)/10 -> -158.7 | O309: =HEX2DEC(MID($B309,10+6*O$1,2)&MID($B309,13+6*O$1,2)) -> 0 | P309: =HEX2DEC(MID($B309,10+6*P$1,2)&MID($B309,13+6*P$1,2)) -> 23448 | Q309: =HEX2DEC(MID($B309,10+6*Q$1,2)&MID($B309,13+6*Q$1,2)) -> 0 | R309: =HEX2DEC(MID($B309,10+6*R$1,2)&MID($B309,13+6*R$1,2)) -> 0 | S309: =VLOOKUP(J309,设备状态表!$D$3:$E$14,2,0) -> 向下运动到固定点监测
A310: [17:34:18.057]收← | B310: 01 03 20 56 BF 00 00 C1 FB 00 00 11 24 00 00 00 00 08 40 48 8E 56 40 00 00 F9 CD 00 00 5B 98 00 00 00 00 18 F1 | C310: =HEX2DEC(MID(B310,10,2)&MID(B310,13,2)) -> 22207 | D310: =HEX2DEC(MID($B310,10+6*D$1,2)&MID($B310,13+6*D$1,2)) -> 0 | E310: =(HEX2DEC(MID($B310,10+6*E$1,2)&MID($B310,13+6*E$1,2))-65536)/100 -> -158.77 | F310: =HEX2DEC(MID($B310,10+6*F$1,2)&MID($B310,13+6*F$1,2)) -> 0 | G310: =HEX2DEC(MID($B310,10+6*G$1,2)&MID($B310,13+6*G$1,2))/10 -> 438.8 | H310: =HEX2DEC(MID($B310,10+6*H$1,2)&MID($B310,13+6*H$1,2)) -> 0 | I310: =HEX2DEC(MID($B310,10+6*I$1,2)&MID($B310,13+6*I$1,2)) -> 0 | J310: =HEX2DEC(MID($B310,10+6*J$1,2)&MID($B310,13+6*J$1,2)) -> 2112 | K310: =HEX2DEC(MID($B310,10+6*K$1,2)&MID($B310,13+6*K$1,2)) -> 18574 | L310: =HEX2DEC(MID($B310,10+6*L$1,2)&MID($B310,13+6*L$1,2))/10 -> 2208 | M310: =HEX2DEC(MID($B310,10+6*M$1,2)&MID($B310,13+6*M$1,2)) -> 0 | N310: =(HEX2DEC(MID($B310,10+6*N$1,2)&MID($B310,13+6*N$1,2))-65536)/10 -> -158.7 | O310: =HEX2DEC(MID($B310,10+6*O$1,2)&MID($B310,13+6*O$1,2)) -> 0 | P310: =HEX2DEC(MID($B310,10+6*P$1,2)&MID($B310,13+6*P$1,2)) -> 23448 | Q310: =HEX2DEC(MID($B310,10+6*Q$1,2)&MID($B310,13+6*Q$1,2)) -> 0 | R310: =HEX2DEC(MID($B310,10+6*R$1,2)&MID($B310,13+6*R$1,2)) -> 0 | S310: =VLOOKUP(J310,设备状态表!$D$3:$E$14,2,0) -> 向下运动到固定点监测
A311: [17:34:20.991]收← | B311: 01 03 20 56 5C 00 00 C1 FA 00 00 11 24 00 00 00 00 08 40 48 8E 55 E0 00 00 F9 CD 00 00 5B 98 00 00 00 00 D4 6E | C311: =HEX2DEC(MID(B311,10,2)&MID(B311,13,2)) -> 22108 | D311: =HEX2DEC(MID($B311,10+6*D$1,2)&MID($B311,13+6*D$1,2)) -> 0 | E311: =(HEX2DEC(MID($B311,10+6*E$1,2)&MID($B311,13+6*E$1,2))-65536)/100 -> -158.78 | F311: =HEX2DEC(MID($B311,10+6*F$1,2)&MID($B311,13+6*F$1,2)) -> 0 | G311: =HEX2DEC(MID($B311,10+6*G$1,2)&MID($B311,13+6*G$1,2))/10 -> 438.8 | H311: =HEX2DEC(MID($B311,10+6*H$1,2)&MID($B311,13+6*H$1,2)) -> 0 | I311: =HEX2DEC(MID($B311,10+6*I$1,2)&MID($B311,13+6*I$1,2)) -> 0 | J311: =HEX2DEC(MID($B311,10+6*J$1,2)&MID($B311,13+6*J$1,2)) -> 2112 | K311: =HEX2DEC(MID($B311,10+6*K$1,2)&MID($B311,13+6*K$1,2)) -> 18574 | L311: =HEX2DEC(MID($B311,10+6*L$1,2)&MID($B311,13+6*L$1,2))/10 -> 2198.4 | M311: =HEX2DEC(MID($B311,10+6*M$1,2)&MID($B311,13+6*M$1,2)) -> 0 | N311: =(HEX2DEC(MID($B311,10+6*N$1,2)&MID($B311,13+6*N$1,2))-65536)/10 -> -158.7 | O311: =HEX2DEC(MID($B311,10+6*O$1,2)&MID($B311,13+6*O$1,2)) -> 0 | P311: =HEX2DEC(MID($B311,10+6*P$1,2)&MID($B311,13+6*P$1,2)) -> 23448 | Q311: =HEX2DEC(MID($B311,10+6*Q$1,2)&MID($B311,13+6*Q$1,2)) -> 0 | R311: =HEX2DEC(MID($B311,10+6*R$1,2)&MID($B311,13+6*R$1,2)) -> 0 | S311: =VLOOKUP(J311,设备状态表!$D$3:$E$14,2,0) -> 向下运动到固定点监测
A312: [17:34:23.969]收← | B312: 01 03 20 55 FA 00 00 C1 FA 00 00 11 24 00 00 00 00 08 40 48 8E 56 C0 00 00 F9 CD 00 00 5B 98 00 00 00 00 C8 E0 | C312: =HEX2DEC(MID(B312,10,2)&MID(B312,13,2)) -> 22010 | D312: =HEX2DEC(MID($B312,10+6*D$1,2)&MID($B312,13+6*D$1,2)) -> 0 | E312: =(HEX2DEC(MID($B312,10+6*E$1,2)&MID($B312,13+6*E$1,2))-65536)/100 -> -158.78 | F312: =HEX2DEC(MID($B312,10+6*F$1,2)&MID($B312,13+6*F$1,2)) -> 0 | G312: =HEX2DEC(MID($B312,10+6*G$1,2)&MID($B312,13+6*G$1,2))/10 -> 438.8 | H312: =HEX2DEC(MID($B312,10+6*H$1,2)&MID($B312,13+6*H$1,2)) -> 0 | I312: =HEX2DEC(MID($B312,10+6*I$1,2)&MID($B312,13+6*I$1,2)) -> 0 | J312: =HEX2DEC(MID($B312,10+6*J$1,2)&MID($B312,13+6*J$1,2)) -> 2112 | K312: =HEX2DEC(MID($B312,10+6*K$1,2)&MID($B312,13+6*K$1,2)) -> 18574 | L312: =HEX2DEC(MID($B312,10+6*L$1,2)&MID($B312,13+6*L$1,2))/10 -> 2220.8 | M312: =HEX2DEC(MID($B312,10+6*M$1,2)&MID($B312,13+6*M$1,2)) -> 0 | N312: =(HEX2DEC(MID($B312,10+6*N$1,2)&MID($B312,13+6*N$1,2))-65536)/10 -> -158.7 | O312: =HEX2DEC(MID($B312,10+6*O$1,2)&MID($B312,13+6*O$1,2)) -> 0 | P312: =HEX2DEC(MID($B312,10+6*P$1,2)&MID($B312,13+6*P$1,2)) -> 23448 | Q312: =HEX2DEC(MID($B312,10+6*Q$1,2)&MID($B312,13+6*Q$1,2)) -> 0 | R312: =HEX2DEC(MID($B312,10+6*R$1,2)&MID($B312,13+6*R$1,2)) -> 0 | S312: =VLOOKUP(J312,设备状态表!$D$3:$E$14,2,0) -> 向下运动到固定点监测
... A436: [17:41:26.918]收← | B436: 01 03 20 1E 8E 00 00 C1 FC 00 00 11 22 00 00 00 00 08 40 48 8E 51 E0 00 00 F9 CD 00 00 5B 98 00 00 00 00 7A 2A | C436: =HEX2DEC(MID(B436,10,2)&MID(B436,13,2)) -> 7822 | D436: =HEX2DEC(MID($B436,10+6*D$1,2)&MID($B436,13+6*D$1,2)) -> 0 | E436: =(HEX2DEC(MID($B436,10+6*E$1,2)&MID($B436,13+6*E$1,2))-65536)/100 -> -158.76 | F436: =HEX2DEC(MID($B436,10+6*F$1,2)&MID($B436,13+6*F$1,2)) -> 0 | G436: =HEX2DEC(MID($B436,10+6*G$1,2)&MID($B436,13+6*G$1,2))/10 -> 438.6 | H436: =HEX2DEC(MID($B436,10+6*H$1,2)&MID($B436,13+6*H$1,2)) -> 0 | I436: =HEX2DEC(MID($B436,10+6*I$1,2)&MID($B436,13+6*I$1,2)) -> 0 | J436: =HEX2DEC(MID($B436,10+6*J$1,2)&MID($B436,13+6*J$1,2)) -> 2112 | K436: =HEX2DEC(MID($B436,10+6*K$1,2)&MID($B436,13+6*K$1,2)) -> 18574 | L436: =HEX2DEC(MID($B436,10+6*L$1,2)&MID($B436,13+6*L$1,2))/10 -> 2096 | M436: =HEX2DEC(MID($B436,10+6*M$1,2)&MID($B436,13+6*M$1,2)) -> 0 | N436: =(HEX2DEC(MID($B436,10+6*N$1,2)&MID($B436,13+6*N$1,2))-65536)/10 -> -158.7 | O436: =HEX2DEC(MID($B436,10+6*O$1,2)&MID($B436,13+6*O$1,2)) -> 0 | P436: =HEX2DEC(MID($B436,10+6*P$1,2)&MID($B436,13+6*P$1,2)) -> 23448 | Q436: =HEX2DEC(MID($B436,10+6*Q$1,2)&MID($B436,13+6*Q$1,2)) -> 0 | R436: =HEX2DEC(MID($B436,10+6*R$1,2)&MID($B436,13+6*R$1,2)) -> 0 | S436: =VLOOKUP(J436,设备状态表!$D$3:$E$14,2,0) -> 向下运动到固定点监测

Sheet 提零点原始数据
A2: [17:46:44.168]收← | B2: 01 03 20 01 F1 00 00 C1 FD 00 00 11 22 00 00 00 00 00 44 48 8E 50 A0 00 00 F9 CD 00 00 5B 98 00 00 00 00 C5 D6 | C2: =MID(B2,1,9) -> 01 03 20
A3: [17:46:44.311]收← | B3: 04 03 00 C8 00 11 04 6D | C3: =MID(B3,1,9) -> 04 03 00
A4: [17:46:44.651]收← | B4: 04 03 22 46 B8 04 00 3F 80 00 00 3F 80 00 00 3F 80 00 00 00 00 00 00 00 00 10 06 00 00 00 00 00 00 00 00 00 00 33 61 | C4: =MID(B4,1,9) -> 04 03 22
A5: [17:46:44.792]收← | B5: 03 03 00 1E 00 05 E4 2D | C5: =MID(B5,1,9) -> 03 03 00
A6: [17:46:44.888]收← | B6: 03 03 0A 31 37 30 39 31 38 30 38 32 31 55 75 | C6: =MID(B6,1,9) -> 03 03 0A
A7: [17:46:45.030]收← | B7: 02 03 00 C8 00 11 04 0B | C7: =MID(B7,1,9) -> 02 03 00
A8: [17:46:45.237]收← | B8: 02 03 22 46 B7 EC 00 C4 C7 20 00 41 30 | C8: =MID(B8,1,9) -> 02 03 22
A9: [17:46:45.300]收← | B9: 00 00 C4 C4 80 00 00 00 00 00 00 00 | C9: =MID(B9,1,9) -> 00 00 C4
A10: [17:46:45.364]收← | B10: 10 00 00 00 00 00 00 00 00 00 00 00 AE DC | C10: =MID(B10,1,9) -> 10 00 00
A11: [17:46:45.480]收← | B11: 01 03 00 00 00 10 44 06 | C11: =MID(B11,1,9) -> 01 03 00
A12: [17:46:45.663]收← | B12: 01 03 20 01 F1 00 00 C1 FD 00 00 11 21 00 00 00 00 00 44 48 8E 4F A0 00 00 F9 CD 00 00 5B 98 00 00 00 00 8F EC | C12: =MID(B12,1,9) -> 01 03 20
A13: [17:46:47.302]收← | B13: 04 03 00 C8 00 11 04 6D | C13: =MID(B13,1,9) -> 04 03 00
... A80: [17:47:09.008]收← | B80: 02 03 00 C8 00 11 04 0B | C80: =MID(B80,1,9) -> 02 03 00
A81: [17:47:09.198]收← | B81: 2 | C81: =MID(B81,1,9) -> 2
A82: [17:47:09.342]收← | B82: 03 22 46 B7 EC 00 C4 C7 00 00 41 30 00 00 C4 C4 80 00 00 00 00 00 00 00 10 00 00 00 00 00 00 00 00 00 00 00 F1 9C | C82: =MID(B82,1,9) -> 03 22 46
A83: [17:47:09.482]收← | B83: 01 03 00 00 00 10 44 06 | C83: =MID(B83,1,9) -> 01 03 00
A84: [17:47:09.672]收← | B84: 01 03 20 03 25 00 00 C1 FE 00 00 11 22 00 00 00 00 08 60 48 8E 50 A0 00 00 F9 CD 00 00 5B 98 00 00 00 00 5C 07 | C84: =MID(B84,1,9) -> 01 03 20
A85: [17:47:11.315]收← | B85: 04 03 00 C8 00 11 04 6D | C85: =MID(B85,1,9) -> 04 03 00
A86: [17:47:11.745]收← | B86: 04 03 22 46 B8 04 00 3F 80 00 00 3F 80 00 00 3F 80 00 00 00 00 00 00 00 00 10 06 00 00 00 00 00 00 00 00 00 00 33 61 | C86: =MID(B86,1,9) -> 04 03 22
A87: [17:47:11.894]收← | B87: 04 03 01 2C 00 21 45 B2 | C87: =MID(B87,1,9) -> 04 03 01
A88: [17:47:12.321]收← | B88: 04 03 42 FF FF 3F 80 00 00 3F 80 00 00 3F 80 00 00 3F 80 00 00 3F 80 00 00 3F 80 00 00 3F 80 00 | C88: =MID(B88,1,9) -> 04 03 42
A89: [17:47:12.482]收← | B89: 00 3F 80 00 00 3F 80 00 00 3F 80 00 00 3F 80 00 00 3F 80 00 00 3F 80 00 00 3F 80 00 00 3F 80 00 00 3F 80 00 00 3F 80 | C89: =MID(B89,1,9) -> 00 3F 80
A90: [17:47:12.630]收← | B90: 04 03 01 54 00 21 C5 AB | C90: =MID(B90,1,9) -> 04 03 01
A91: [17:47:13.007]收← | B91: 04 03 42 FF FF 3F 80 00 00 3F 80 00 00 3F 80 00 00 3F 80 00 00 3F 80 00 00 3F 80 00 00 3F 80 00 | C91: =MID(B91,1,9) -> 04 03 42
A92: [17:47:13.164]收← | B92: 00 3F 80 00 00 3F 80 00 00 3F 80 00 00 3F 80 00 00 3F 80 00 00 3F 80 00 00 3F 80 00 00 3F 80 00 00 3F 80 00 00 3F 80 | C92: =MID(B92,1,9) -> 00 3F 80
A93: [17:47:13.316]收← | B93: 04 03 01 75 00 21 95 A1 | C93: =MID(B93,1,9) -> 04 03 01
... A859: [17:50:36.095]收← | B859: 02 03 00 C8 00 11 04 0B | C859: =MID(B859,1,9) -> 02 03 00
A860: [17:50:36.241]收← | B860: 2 | C860: =MID(B860,1,9) -> 2
A861: [17:50:36.304]收← | B861: 03 22 46 B7 EC 00 C4 C7 00 00 41 30 00 | C861: =MID(B861,1,9) -> 03 22 46
A862: [17:50:36.369]收← | B862: 00 C4 C4 60 00 00 00 00 00 00 00 10 00 00 00 00 00 00 00 00 00 00 00 67 EA | C862: =MID(B862,1,9) -> 00 C4 C4
A863: [17:50:36.527]收← | B863: 01 03 00 00 00 10 44 06 | C863: =MID(B863,1,9) -> 01 03 00
A864: [17:50:36.722]收← | B864: 01 03 20 1E C3 00 00 C1 FD 00 00 11 22 00 00 00 00 08 60 48 8E 51 60 00 00 F9 CD 00 00 5B 98 00 00 00 00 32 81 | C864: =MID(B864,1,9) -> 01 03 20
A865: [17:50:38.390]收← | B865: 04 03 00 C8 00 11 04 6D | C865: =MID(B865,1,9) -> 04 03 00
A866: [17:50:38.811]收← | B866: 04 03 22 46 B8 04 00 3F 80 00 00 3F 80 00 00 3F 80 00 00 00 00 00 00 00 00 10 06 00 00 00 00 00 00 00 00 00 00 33 61 | C866: =MID(B866,1,9) -> 04 03 22
A867: [17:50:38.949]收← | B867: 03 03 00 1E 00 05 E4 2D | C867: =MID(B867,1,9) -> 03 03 00
A868: [17:50:39.028]收← | B868: 03 03 0A 31 37 30 39 31 38 30 38 32 31 55 75 | C868: =MID(B868,1,9) -> 03 03 0A
A869: [17:50:39.187]收← | B869: 02 03 00 C8 00 11 04 0B | C869: =MID(B869,1,9) -> 02 03 00
A870: [17:50:39.471]收← | B870: 02 03 22 46 B7 EC 00 C4 C7 00 00 41 30 00 00 C4 C4 60 00 00 00 00 00 00 00 | C870: =MID(B870,1,9) -> 02 03 22
A871: [17:50:39.582]收← | B871: 10 00 00 00 00 00 00 00 00 00 00 00 67 EA | C871: =MID(B871,1,9) -> 10 00 00
A872: [17:50:39.709]收← | B872: 01 03 00 00 00 10 44 06 | C872: =MID(B872,1,9) -> 01 03 00
... A965: [17:51:04.060]收← | B965: 02 03 00 C8 00 11 04 0B | C965: =MID(B965,1,9) -> 02 03 00
A966: [17:51:04.252]收← | B966: 2 | C966: =MID(B966,1,9) -> 2
A967: [17:51:04.317]收← | B967: 03 22 46 B7 EC 00 C4 C6 E0 00 41 30 00 00 C4 C4 40 00 00 00 00 00 00 00 10 00 | C967: =MID(B967,1,9) -> 03 22 46
A968: [17:51:04.428]收← | B968: 00 00 00 00 00 00 00 00 00 00 BE 0D | C968: =MID(B968,1,9) -> 00 00 00
A969: [17:51:04.540]收← | B969: 01 03 00 00 00 10 44 06 | C969: =MID(B969,1,9) -> 01 03 00
A970: [17:51:04.720]收← | B970: 01 03 20 22 78 00 00 C1 FC 00 00 11 22 00 00 00 00 08 60 48 8E 51 C0 00 00 F9 CD 00 00 5B 98 00 00 00 00 61 A4 | C970: =MID(B970,1,9) -> 01 03 20
A971: [17:51:06.247]收← | B971: 04 03 00 C8 00 11 04 6D | C971: =MID(B971,1,9) -> 04 03 00
A972: [17:51:06.669]收← | B972: 04 03 22 46 B8 04 00 3F 80 00 00 3F 80 00 00 3F 80 00 00 00 00 00 00 00 00 10 06 00 00 00 00 00 00 00 00 00 00 33 61 | C972: =MID(B972,1,9) -> 04 03 22
A973: [17:51:06.812]收← | B973: 03 03 00 1E 00 05 E4 2D | C973: =MID(B973,1,9) -> 03 03 00
A974: [17:51:06.891]收← | B974: 03 03 0A 31 37 30 39 31 38 30 38 32 31 55 75 | C974: =MID(B974,1,9) -> 03 03 0A
A975: [17:51:07.059]收← | B975: 02 03 00 C8 00 11 04 0B | C975: =MID(B975,1,9) -> 02 03 00
A976: [17:51:07.277]收← | B976: 02 03 22 46 B7 EC 00 C4 C6 E0 00 41 30 00 | C976: =MID(B976,1,9) -> 02 03 22
A977: [17:51:07.336]收← | B977: 00 C4 C4 40 00 00 00 00 00 00 00 10 00 | C977: =MID(B977,1,9) -> 00 C4 C4
A978: [17:51:07.409]收← | B978: 00 00 00 00 00 00 00 00 00 00 BE 0D | C978: =MID(B978,1,9) -> 00 00 00
... A1063: [17:51:28.982]收← | B1063: 02 03 00 C8 00 11 04 0B | C1063: =MID(B1063,1,9) -> 02 03 00
A1064: [17:51:29.175]收← | B1064: 2 | C1064: =MID(B1064,1,9) -> 2
A1065: [17:51:29.236]收← | B1065: 03 22 46 B7 EC 00 C4 C7 20 00 41 30 00 | C1065: =MID(B1065,1,9) -> 03 22 46
A1066: [17:51:29.300]收← | B1066: 00 C4 C4 40 00 00 00 00 00 00 00 10 00 | C1066: =MID(B1066,1,9) -> 00 C4 C4
A1067: [17:51:29.368]收← | B1067: 00 00 00 00 00 00 00 00 00 00 BF CD | C1067: =MID(B1067,1,9) -> 00 00 00
A1068: [17:51:29.475]收← | B1068: 01 03 00 00 00 10 44 06 | C1068: =MID(B1068,1,9) -> 01 03 00
A1069: [17:51:29.680]收← | B1069: 01 03 20 25 CC 00 00 C1 FC 00 00 11 22 00 00 00 00 08 60 48 8E 52 00 00 00 F9 CD 00 00 5B 98 00 00 00 00 21 73 | C1069: =MID(B1069,1,9) -> 01 03 20
A1070: [17:51:31.266]收← | B1070: 04 03 00 C8 00 11 04 6D | C1070: =MID(B1070,1,9) -> 04 03 00
A1071: [17:51:31.650]收← | B1071: 04 03 22 46 B8 04 00 3F 80 00 00 3F 80 00 00 3F 80 00 00 00 00 00 00 00 00 10 06 00 00 00 00 00 00 00 00 00 00 33 61 | C1071: =MID(B1071,1,9) -> 04 03 22
A1072: [17:51:31.808]收← | B1072: 03 03 00 1E 00 05 E4 2D | C1072: =MID(B1072,1,9) -> 03 03 00
A1073: [17:51:31.887]收← | B1073: 03 03 0A 31 37 30 39 31 38 30 38 32 31 55 75 | C1073: =MID(B1073,1,9) -> 03 03 0A
A1074: [17:51:32.047]收← | B1074: 02 03 00 C8 00 11 04 0B | C1074: =MID(B1074,1,9) -> 02 03 00
A1075: [17:51:32.325]收← | B1075: 02 03 22 46 B7 EC 00 C4 C7 20 00 41 30 00 00 C4 C4 40 00 00 00 00 00 00 00 10 00 00 00 00 00 00 00 00 00 00 00 BF CD | C1075: =MID(B1075,1,9) -> 02 03 22
A1076: [17:51:32.467]收← | B1076: 01 03 00 00 00 10 44 06 | C1076: =MID(B1076,1,9) -> 01 03 00
... A1294: [17:52:31.861]收← | B1294: 02 03 00 C8 00 11 04 0B | C1294: =MID(B1294,1,9) -> 02 03 00
A1295: [17:52:32.022]收← | B1295: 2 | C1295: =MID(B1295,1,9) -> 2
A1296: [17:52:32.162]收← | B1296: 03 22 46 B7 EC 00 C4 C7 00 00 41 30 00 00 C4 C4 80 00 00 00 00 00 00 00 10 00 00 00 00 00 00 00 00 00 00 00 F1 9C | C1296: =MID(B1296,1,9) -> 03 22 46
A1297: [17:52:32.328]收← | B1297: 01 03 00 00 00 10 44 06 | C1297: =MID(B1297,1,9) -> 01 03 00
A1298: [17:52:32.497]收← | B1298: 01 03 20 2E 1A 00 00 C1 FD 00 00 11 22 00 00 00 00 08 60 48 8E 52 A0 00 00 F9 CD 00 00 5B 98 00 00 00 00 3A 22 | C1298: =MID(B1298,1,9) -> 01 03 20
A1299: [17:52:34.094]收← | B1299: 04 03 00 C8 00 11 04 6D | C1299: =MID(B1299,1,9) -> 04 03 00
A1300: [17:52:34.427]收← | B1300: 04 03 22 46 B8 04 00 3F 80 00 00 3F 80 00 00 3F 80 00 00 00 00 00 00 00 00 10 06 00 00 00 00 00 00 00 00 00 00 33 61 | C1300: =MID(B1300,1,9) -> 04 03 22
A1301: [17:52:34.568]收← | B1301: 03 03 00 1E 00 05 E4 2D | C1301: =MID(B1301,1,9) -> 03 03 00
A1302: [17:52:34.651]收← | B1302: 03 03 0A 31 37 30 39 31 38 30 38 32 31 55 75 | C1302: =MID(B1302,1,9) -> 03 03 0A
A1303: [17:52:34.807]收← | B1303: 03 03 00 C8 00 11 05 DA | C1303: =MID(B1303,1,9) -> 03 03 00
A1304: [17:52:34.966]收← | B1304: 03 03 22 46 B8 09 33 C4 C7 20 00 41 20 00 00 C4 C4 20 00 00 00 00 00 00 00 10 00 00 00 00 00 00 00 00 00 00 00 D6 24 | C1304: =MID(B1304,1,9) -> 03 03 22
A1305: [17:52:35.160]收← | B1305: 03 03 00 C8 00 11 05 DA | C1305: =MID(B1305,1,9) -> 03 03 00
A1306: [17:52:35.317]收← | B1306: 03 03 22 46 B8 09 33 C4 C7 20 00 41 20 00 00 C4 C4 20 00 00 00 00 00 00 00 10 00 00 00 00 00 00 00 00 00 00 00 D6 24 | C1306: =MID(B1306,1,9) -> 03 03 22
A1307: [17:52:35.511]收← | B1307: 03 03 00 C8 00 11 05 DA | C1307: =MID(B1307,1,9) -> 03 03 00
... A3215: [18:01:03.909]收← | B3215: 02 03 01 2C 00 21 45 D4 | C3215: =MID(B3215,1,9) -> 02 03 01
A3216: [18:01:04.082]收← | B3216: 2 | C3216: =MID(B3216,1,9) -> 2
A3217: [18:01:04.142]收← | B3217: 03 42 00 00 C4 C6 40 00 C4 C7 C0 00 C4 | C3217: =MID(B3217,1,9) -> 03 42 00
A3218: [18:01:04.269]收← | B3218: C7 80 00 C4 C7 A0 00 C4 C6 A0 00 C4 C6 A0 00 C4 C7 20 00 C4 C7 20 00 C4 C6 E0 00 | C3218: =MID(B3218,1,9) -> C7 80 00
A3219: [18:01:04.397]收← | B3219: C4 C7 00 00 C4 C8 00 00 C4 C6 80 00 C4 C4 A0 00 C4 C5 00 00 C4 C4 40 00 C4 C1 40 00 82 BC | C3219: =MID(B3219,1,9) -> C4 C7 00
A3220: [18:01:04.524]收← | B3220: 02 03 01 54 00 21 C5 CD | C3220: =MID(B3220,1,9) -> 02 03 01
A3221: [18:01:04.732]收← | B3221: 02 03 42 FF FF 3F 80 00 00 3F 80 00 00 3F | C3221: =MID(B3221,1,9) -> 02 03 42
A3222: [18:01:04.879]收← | B3222: 80 00 00 3F 80 00 00 3F 80 00 00 3F 80 00 00 3F 80 00 00 3F 80 00 00 3F 80 00 00 3F 80 00 00 3F | C3222: =MID(B3222,1,9) -> 80 00 00
A3223: [18:01:05.001]收← | B3223: 80 00 00 3F 80 00 00 3F 80 00 00 3F 80 00 00 3F 80 00 00 3F 80 00 00 1D E6 | C3223: =MID(B3223,1,9) -> 80 00 00
A3224: [18:01:05.114]收← | B3224: 02 03 01 75 00 21 95 C7 | C3224: =MID(B3224,1,9) -> 02 03 01
A3225: [18:01:05.324]收← | B3225: 02 03 42 FF FF 3F 80 00 00 3F 80 00 00 3F | C3225: =MID(B3225,1,9) -> 02 03 42
A3226: [18:01:05.397]收← | B3226: 80 00 00 3F 80 00 00 3F 80 00 00 3F 80 00 00 3F 80 00 00 3F 80 00 00 3F 80 00 | C3226: =MID(B3226,1,9) -> 80 00 00
A3227: [18:01:05.521]收← | B3227: 00 3F 80 00 00 3F 80 00 00 3F 80 00 00 | C3227: =MID(B3227,1,9) -> 00 3F 80
A3228: [18:01:05.588]收← | B3228: 3F 80 00 00 3F 80 00 00 3F 80 00 00 3F 80 00 00 1D E6 | C3228: =MID(B3228,1,9) -> 3F 80 00
... A3547: [18:02:28.443]收← | B3547: 02 03 00 C8 00 11 04 0B | C3547: =MID(B3547,1,9) -> 02 03 00
A3548: [18:02:28.583]收← | B3548: 2 | C3548: =MID(B3548,1,9) -> 2
A3549: [18:02:28.647]收← | B3549: 03 22 46 B7 EC 00 C4 C7 20 00 41 30 00 | C3549: =MID(B3549,1,9) -> 03 22 46
A3550: [18:02:28.711]收← | B3550: 00 C4 C4 60 00 00 00 00 00 00 00 10 00 00 00 00 00 00 00 00 00 00 00 38 AA | C3550: =MID(B3550,1,9) -> 00 C4 C4
...

Sheet 提零点
C1: 0 | D1: 1 | E1: 2 | F1: 3 | G1: 4 | H1: 5 | I1: 6 | J1: 7 | K1: 8 | L1: 9 | M1: 10 | N1: 11 | O1: 12 | P1: 13 | Q1: 14 | R1: 15
A2: [17:46:44.168]收← | B2: 01 03 20 01 F1 00 00 C1 FD 00 00 11 22 00 00 00 00 00 44 48 8E 50 A0 00 00 F9 CD 00 00 5B 98 00 00 00 00 C5 D6 | C2: 浮子位置 | D2: 浮子状态 | E2: 温度 | F2: 温度状态 | G2: 密度值 | H2: 密度状态 | I2: 下发指令 | J2: 设备工作状态 | K2: （幅值）未知 | L2: 频率值 | M2: 未知状态位 | N2: 温度 | O2: 温度状态 | P2: 液位值 | Q2: 液位状态 | R2: 位置 | S2: 状态解析
A3: [17:46:45.663]收← | B3: 01 03 20 01 F1 00 00 C1 FD 00 00 11 21 00 00 00 00 00 44 48 8E 4F A0 00 00 F9 CD 00 00 5B 98 00 00 00 00 8F EC | C3: =HEX2DEC(MID($B3,10+6*C1,2)&MID($B3,13+6*C1,2)) -> 497 | D3: =HEX2DEC(MID($B3,10+6*D$1,2)&MID($B3,13+6*D$1,2)) -> 0 | E3: =(HEX2DEC(MID($B3,10+6*E$1,2)&MID($B3,13+6*E$1,2))-65536)/100 -> -158.75 | F3: =HEX2DEC(MID($B3,10+6*F$1,2)&MID($B3,13+6*F$1,2)) -> 0 | G3: =HEX2DEC(MID($B3,10+6*G$1,2)&MID($B3,13+6*G$1,2))/10 -> 438.5 | H3: =HEX2DEC(MID($B3,10+6*H$1,2)&MID($B3,13+6*H$1,2)) -> 0 | I3: =HEX2DEC(MID($B3,10+6*I$1,2)&MID($B3,13+6*I$1,2)) -> 0 | J3: =HEX2DEC(MID($B3,10+6*J$1,2)&MID($B3,13+6*J$1,2)) -> 68 | K3: =HEX2DEC(MID($B3,10+6*K$1,2)&MID($B3,13+6*K$1,2)) -> 18574 | L3: =HEX2DEC(MID($B3,10+6*L$1,2)&MID($B3,13+6*L$1,2))/10 -> 2038.4 | M3: =HEX2DEC(MID($B3,10+6*M$1,2)&MID($B3,13+6*M$1,2)) -> 0 | N3: =(HEX2DEC(MID($B3,10+6*N$1,2)&MID($B3,13+6*N$1,2))-65536)/10 -> -158.7 | O3: =HEX2DEC(MID($B3,10+6*O$1,2)&MID($B3,13+6*O$1,2)) -> 0 | P3: =HEX2DEC(MID($B3,10+6*P$1,2)&MID($B3,13+6*P$1,2)) -> 23448 | Q3: =HEX2DEC(MID($B3,10+6*Q$1,2)&MID($B3,13+6*Q$1,2)) -> 0 | R3: =HEX2DEC(MID($B3,10+6*R$1,2)&MID($B3,13+6*R$1,2)) -> 0 | S3: =VLOOKUP(J3,设备状态表!$D$3:$E$14,2,0) -> 固定点监测中
A4: [17:46:48.799]收← | B4: 01 03 20 01 F1 00 00 C1 FD 00 00 11 21 00 00 00 00 00 44 48 8E 51 60 00 00 F9 CD 00 00 5B 98 00 00 00 00 90 F3 | C4: =HEX2DEC(MID(B4,10,2)&MID(B4,13,2)) -> 497 | D4: =HEX2DEC(MID($B4,10+6*D$1,2)&MID($B4,13+6*D$1,2)) -> 0 | E4: =(HEX2DEC(MID($B4,10+6*E$1,2)&MID($B4,13+6*E$1,2))-65536)/100 -> -158.75 | F4: =HEX2DEC(MID($B4,10+6*F$1,2)&MID($B4,13+6*F$1,2)) -> 0 | G4: =HEX2DEC(MID($B4,10+6*G$1,2)&MID($B4,13+6*G$1,2))/10 -> 438.5 | H4: =HEX2DEC(MID($B4,10+6*H$1,2)&MID($B4,13+6*H$1,2)) -> 0 | I4: =HEX2DEC(MID($B4,10+6*I$1,2)&MID($B4,13+6*I$1,2)) -> 0 | J4: =HEX2DEC(MID($B4,10+6*J$1,2)&MID($B4,13+6*J$1,2)) -> 68 | K4: =HEX2DEC(MID($B4,10+6*K$1,2)&MID($B4,13+6*K$1,2)) -> 18574 | L4: =HEX2DEC(MID($B4,10+6*L$1,2)&MID($B4,13+6*L$1,2))/10 -> 2083.2 | M4: =HEX2DEC(MID($B4,10+6*M$1,2)&MID($B4,13+6*M$1,2)) -> 0 | N4: =(HEX2DEC(MID($B4,10+6*N$1,2)&MID($B4,13+6*N$1,2))-65536)/10 -> -158.7 | O4: =HEX2DEC(MID($B4,10+6*O$1,2)&MID($B4,13+6*O$1,2)) -> 0 | P4: =HEX2DEC(MID($B4,10+6*P$1,2)&MID($B4,13+6*P$1,2)) -> 23448 | Q4: =HEX2DEC(MID($B4,10+6*Q$1,2)&MID($B4,13+6*Q$1,2)) -> 0 | R4: =HEX2DEC(MID($B4,10+6*R$1,2)&MID($B4,13+6*R$1,2)) -> 0 | S4: =VLOOKUP(J4,设备状态表!$D$3:$E$14,2,0) -> 固定点监测中
A5: [17:46:51.794]收← | B5: 01 03 20 01 F1 00 00 C1 FC 00 00 11 21 00 00 00 00 00 44 48 8E 50 80 00 00 F9 CD 00 00 5B 98 00 00 00 00 10 D1 | C5: =HEX2DEC(MID(B5,10,2)&MID(B5,13,2)) -> 497 | D5: =HEX2DEC(MID($B5,10+6*D$1,2)&MID($B5,13+6*D$1,2)) -> 0 | E5: =(HEX2DEC(MID($B5,10+6*E$1,2)&MID($B5,13+6*E$1,2))-65536)/100 -> -158.76 | F5: =HEX2DEC(MID($B5,10+6*F$1,2)&MID($B5,13+6*F$1,2)) -> 0 | G5: =HEX2DEC(MID($B5,10+6*G$1,2)&MID($B5,13+6*G$1,2))/10 -> 438.5 | H5: =HEX2DEC(MID($B5,10+6*H$1,2)&MID($B5,13+6*H$1,2)) -> 0 | I5: =HEX2DEC(MID($B5,10+6*I$1,2)&MID($B5,13+6*I$1,2)) -> 0 | J5: =HEX2DEC(MID($B5,10+6*J$1,2)&MID($B5,13+6*J$1,2)) -> 68 | K5: =HEX2DEC(MID($B5,10+6*K$1,2)&MID($B5,13+6*K$1,2)) -> 18574 | L5: =HEX2DEC(MID($B5,10+6*L$1,2)&MID($B5,13+6*L$1,2))/10 -> 2060.8 | M5: =HEX2DEC(MID($B5,10+6*M$1,2)&MID($B5,13+6*M$1,2)) -> 0 | N5: =(HEX2DEC(MID($B5,10+6*N$1,2)&MID($B5,13+6*N$1,2))-65536)/10 -> -158.7 | O5: =HEX2DEC(MID($B5,10+6*O$1,2)&MID($B5,13+6*O$1,2)) -> 0 | P5: =HEX2DEC(MID($B5,10+6*P$1,2)&MID($B5,13+6*P$1,2)) -> 23448 | Q5: =HEX2DEC(MID($B5,10+6*Q$1,2)&MID($B5,13+6*Q$1,2)) -> 0 | R5: =HEX2DEC(MID($B5,10+6*R$1,2)&MID($B5,13+6*R$1,2)) -> 0 | S5: =VLOOKUP(J5,设备状态表!$D$3:$E$14,2,0) -> 固定点监测中
A6: [17:46:54.922]收← | B6: 01 03 20 01 F1 00 00 C1 FC 00 00 11 21 00 00 00 00 00 44 48 8E 50 A0 00 00 F9 CD 00 00 5B 98 00 00 00 00 6F B1 | C6: =HEX2DEC(MID(B6,10,2)&MID(B6,13,2)) -> 497 | D6: =HEX2DEC(MID($B6,10+6*D$1,2)&MID($B6,13+6*D$1,2)) -> 0 | E6: =(HEX2DEC(MID($B6,10+6*E$1,2)&MID($B6,13+6*E$1,2))-65536)/100 -> -158.76 | F6: =HEX2DEC(MID($B6,10+6*F$1,2)&MID($B6,13+6*F$1,2)) -> 0 | G6: =HEX2DEC(MID($B6,10+6*G$1,2)&MID($B6,13+6*G$1,2))/10 -> 438.5 | H6: =HEX2DEC(MID($B6,10+6*H$1,2)&MID($B6,13+6*H$1,2)) -> 0 | I6: =HEX2DEC(MID($B6,10+6*I$1,2)&MID($B6,13+6*I$1,2)) -> 0 | J6: =HEX2DEC(MID($B6,10+6*J$1,2)&MID($B6,13+6*J$1,2)) -> 68 | K6: =HEX2DEC(MID($B6,10+6*K$1,2)&MID($B6,13+6*K$1,2)) -> 18574 | L6: =HEX2DEC(MID($B6,10+6*L$1,2)&MID($B6,13+6*L$1,2))/10 -> 2064 | M6: =HEX2DEC(MID($B6,10+6*M$1,2)&MID($B6,13+6*M$1,2)) -> 0 | N6: =(HEX2DEC(MID($B6,10+6*N$1,2)&MID($B6,13+6*N$1,2))-65536)/10 -> -158.7 | O6: =HEX2DEC(MID($B6,10+6*O$1,2)&MID($B6,13+6*O$1,2)) -> 0 | P6: =HEX2DEC(MID($B6,10+6*P$1,2)&MID($B6,13+6*P$1,2)) -> 23448 | Q6: =HEX2DEC(MID($B6,10+6*Q$1,2)&MID($B6,13+6*Q$1,2)) -> 0 | R6: =HEX2DEC(MID($B6,10+6*R$1,2)&MID($B6,13+6*R$1,2)) -> 0 | S6: =VLOOKUP(J6,设备状态表!$D$3:$E$14,2,0) -> 固定点监测中
A7: [17:46:57.722]收← | B7: 01 03 20 01 F7 00 00 C1 FE 00 00 11 22 00 00 00 00 08 64 48 8E 50 80 00 00 F9 CD 00 00 5B 98 00 00 00 00 40 DA | C7: =HEX2DEC(MID(B7,10,2)&MID(B7,13,2)) -> 503 | D7: =HEX2DEC(MID($B7,10+6*D$1,2)&MID($B7,13+6*D$1,2)) -> 0 | E7: =(HEX2DEC(MID($B7,10+6*E$1,2)&MID($B7,13+6*E$1,2))-65536)/100 -> -158.74 | F7: =HEX2DEC(MID($B7,10+6*F$1,2)&MID($B7,13+6*F$1,2)) -> 0 | G7: =HEX2DEC(MID($B7,10+6*G$1,2)&MID($B7,13+6*G$1,2))/10 -> 438.6 | H7: =HEX2DEC(MID($B7,10+6*H$1,2)&MID($B7,13+6*H$1,2)) -> 0 | I7: =HEX2DEC(MID($B7,10+6*I$1,2)&MID($B7,13+6*I$1,2)) -> 0 | J7: =HEX2DEC(MID($B7,10+6*J$1,2)&MID($B7,13+6*J$1,2)) -> 2148 | K7: =HEX2DEC(MID($B7,10+6*K$1,2)&MID($B7,13+6*K$1,2)) -> 18574 | L7: =HEX2DEC(MID($B7,10+6*L$1,2)&MID($B7,13+6*L$1,2))/10 -> 2060.8 | M7: =HEX2DEC(MID($B7,10+6*M$1,2)&MID($B7,13+6*M$1,2)) -> 0 | N7: =(HEX2DEC(MID($B7,10+6*N$1,2)&MID($B7,13+6*N$1,2))-65536)/10 -> -158.7 | O7: =HEX2DEC(MID($B7,10+6*O$1,2)&MID($B7,13+6*O$1,2)) -> 0 | P7: =HEX2DEC(MID($B7,10+6*P$1,2)&MID($B7,13+6*P$1,2)) -> 23448 | Q7: =HEX2DEC(MID($B7,10+6*Q$1,2)&MID($B7,13+6*Q$1,2)) -> 0 | R7: =HEX2DEC(MID($B7,10+6*R$1,2)&MID($B7,13+6*R$1,2)) -> 0 | S7: =VLOOKUP(J7,设备状态表!$D$3:$E$14,2,0) -> 接收到提浮子指令
A8: [17:47:00.619]收← | B8: 01 03 20 02 19 00 00 C1 FD 00 00 11 21 00 00 00 00 08 60 48 8E 50 40 00 00 F9 CD 00 00 5B 98 00 00 00 00 B6 F5 | C8: =HEX2DEC(MID(B8,10,2)&MID(B8,13,2)) -> 537 | D8: =HEX2DEC(MID($B8,10+6*D$1,2)&MID($B8,13+6*D$1,2)) -> 0 | E8: =(HEX2DEC(MID($B8,10+6*E$1,2)&MID($B8,13+6*E$1,2))-65536)/100 -> -158.75 | F8: =HEX2DEC(MID($B8,10+6*F$1,2)&MID($B8,13+6*F$1,2)) -> 0 | G8: =HEX2DEC(MID($B8,10+6*G$1,2)&MID($B8,13+6*G$1,2))/10 -> 438.5 | H8: =HEX2DEC(MID($B8,10+6*H$1,2)&MID($B8,13+6*H$1,2)) -> 0 | I8: =HEX2DEC(MID($B8,10+6*I$1,2)&MID($B8,13+6*I$1,2)) -> 0 | J8: =HEX2DEC(MID($B8,10+6*J$1,2)&MID($B8,13+6*J$1,2)) -> 2144 | K8: =HEX2DEC(MID($B8,10+6*K$1,2)&MID($B8,13+6*K$1,2)) -> 18574 | L8: =HEX2DEC(MID($B8,10+6*L$1,2)&MID($B8,13+6*L$1,2))/10 -> 2054.4 | M8: =HEX2DEC(MID($B8,10+6*M$1,2)&MID($B8,13+6*M$1,2)) -> 0 | N8: =(HEX2DEC(MID($B8,10+6*N$1,2)&MID($B8,13+6*N$1,2))-65536)/10 -> -158.7 | O8: =HEX2DEC(MID($B8,10+6*O$1,2)&MID($B8,13+6*O$1,2)) -> 0 | P8: =HEX2DEC(MID($B8,10+6*P$1,2)&MID($B8,13+6*P$1,2)) -> 23448 | Q8: =HEX2DEC(MID($B8,10+6*Q$1,2)&MID($B8,13+6*Q$1,2)) -> 0 | R8: =HEX2DEC(MID($B8,10+6*R$1,2)&MID($B8,13+6*R$1,2)) -> 0 | S8: =VLOOKUP(J8,设备状态表!$D$3:$E$14,2,0) -> 提浮子，向上运行，液体
A9: [17:47:03.801]收← | B9: 01 03 20 02 69 00 00 C1 FE 00 00 11 22 00 00 00 00 08 60 48 8E 50 20 00 00 F9 CD 00 00 5B 98 00 00 00 00 63 88 | C9: =HEX2DEC(MID(B9,10,2)&MID(B9,13,2)) -> 617 | D9: =HEX2DEC(MID($B9,10+6*D$1,2)&MID($B9,13+6*D$1,2)) -> 0 | E9: =(HEX2DEC(MID($B9,10+6*E$1,2)&MID($B9,13+6*E$1,2))-65536)/100 -> -158.74 | F9: =HEX2DEC(MID($B9,10+6*F$1,2)&MID($B9,13+6*F$1,2)) -> 0 | G9: =HEX2DEC(MID($B9,10+6*G$1,2)&MID($B9,13+6*G$1,2))/10 -> 438.6 | H9: =HEX2DEC(MID($B9,10+6*H$1,2)&MID($B9,13+6*H$1,2)) -> 0 | I9: =HEX2DEC(MID($B9,10+6*I$1,2)&MID($B9,13+6*I$1,2)) -> 0 | J9: =HEX2DEC(MID($B9,10+6*J$1,2)&MID($B9,13+6*J$1,2)) -> 2144 | K9: =HEX2DEC(MID($B9,10+6*K$1,2)&MID($B9,13+6*K$1,2)) -> 18574 | L9: =HEX2DEC(MID($B9,10+6*L$1,2)&MID($B9,13+6*L$1,2))/10 -> 2051.2 | M9: =HEX2DEC(MID($B9,10+6*M$1,2)&MID($B9,13+6*M$1,2)) -> 0 | N9: =(HEX2DEC(MID($B9,10+6*N$1,2)&MID($B9,13+6*N$1,2))-65536)/10 -> -158.7 | O9: =HEX2DEC(MID($B9,10+6*O$1,2)&MID($B9,13+6*O$1,2)) -> 0 | P9: =HEX2DEC(MID($B9,10+6*P$1,2)&MID($B9,13+6*P$1,2)) -> 23448 | Q9: =HEX2DEC(MID($B9,10+6*Q$1,2)&MID($B9,13+6*Q$1,2)) -> 0 | R9: =HEX2DEC(MID($B9,10+6*R$1,2)&MID($B9,13+6*R$1,2)) -> 0 | S9: =VLOOKUP(J9,设备状态表!$D$3:$E$14,2,0) -> 提浮子，向上运行，液体
A10: [17:47:06.777]收← | B10: 01 03 20 02 C7 00 00 C1 FE 00 00 11 22 00 00 00 00 08 60 48 8E 50 80 00 00 F9 CD 00 00 5B 98 00 00 00 00 02 B4 | C10: =HEX2DEC(MID(B10,10,2)&MID(B10,13,2)) -> 711 | D10: =HEX2DEC(MID($B10,10+6*D$1,2)&MID($B10,13+6*D$1,2)) -> 0 | E10: =(HEX2DEC(MID($B10,10+6*E$1,2)&MID($B10,13+6*E$1,2))-65536)/100 -> -158.74 | F10: =HEX2DEC(MID($B10,10+6*F$1,2)&MID($B10,13+6*F$1,2)) -> 0 | G10: =HEX2DEC(MID($B10,10+6*G$1,2)&MID($B10,13+6*G$1,2))/10 -> 438.6 | H10: =HEX2DEC(MID($B10,10+6*H$1,2)&MID($B10,13+6*H$1,2)) -> 0 | I10: =HEX2DEC(MID($B10,10+6*I$1,2)&MID($B10,13+6*I$1,2)) -> 0 | J10: =HEX2DEC(MID($B10,10+6*J$1,2)&MID($B10,13+6*J$1,2)) -> 2144 | K10: =HEX2DEC(MID($B10,10+6*K$1,2)&MID($B10,13+6*K$1,2)) -> 18574 | L10: =HEX2DEC(MID($B10,10+6*L$1,2)&MID($B10,13+6*L$1,2))/10 -> 2060.8 | M10: =HEX2DEC(MID($B10,10+6*M$1,2)&MID($B10,13+6*M$1,2)) -> 0 | N10: =(HEX2DEC(MID($B10,10+6*N$1,2)&MID($B10,13+6*N$1,2))-65536)/10 -> -158.7 | O10: =HEX2DEC(MID($B10,10+6*O$1,2)&MID($B10,13+6*O$1,2)) -> 0 | P10: =HEX2DEC(MID($B10,10+6*P$1,2)&MID($B10,13+6*P$1,2)) -> 23448 | Q10: =HEX2DEC(MID($B10,10+6*Q$1,2)&MID($B10,13+6*Q$1,2)) -> 0 | R10: =HEX2DEC(MID($B10,10+6*R$1,2)&MID($B10,13+6*R$1,2)) -> 0 | S10: =VLOOKUP(J10,设备状态表!$D$3:$E$14,2,0) -> 提浮子，向上运行，液体
A11: [17:47:09.672]收← | B11: 01 03 20 03 25 00 00 C1 FE 00 00 11 22 00 00 00 00 08 60 48 8E 50 A0 00 00 F9 CD 00 00 5B 98 00 00 00 00 5C 07 | C11: =HEX2DEC(MID(B11,10,2)&MID(B11,13,2)) -> 805 | D11: =HEX2DEC(MID($B11,10+6*D$1,2)&MID($B11,13+6*D$1,2)) -> 0 | E11: =(HEX2DEC(MID($B11,10+6*E$1,2)&MID($B11,13+6*E$1,2))-65536)/100 -> -158.74 | F11: =HEX2DEC(MID($B11,10+6*F$1,2)&MID($B11,13+6*F$1,2)) -> 0 | G11: =HEX2DEC(MID($B11,10+6*G$1,2)&MID($B11,13+6*G$1,2))/10 -> 438.6 | H11: =HEX2DEC(MID($B11,10+6*H$1,2)&MID($B11,13+6*H$1,2)) -> 0 | I11: =HEX2DEC(MID($B11,10+6*I$1,2)&MID($B11,13+6*I$1,2)) -> 0 | J11: =HEX2DEC(MID($B11,10+6*J$1,2)&MID($B11,13+6*J$1,2)) -> 2144 | K11: =HEX2DEC(MID($B11,10+6*K$1,2)&MID($B11,13+6*K$1,2)) -> 18574 | L11: =HEX2DEC(MID($B11,10+6*L$1,2)&MID($B11,13+6*L$1,2))/10 -> 2064 | M11: =HEX2DEC(MID($B11,10+6*M$1,2)&MID($B11,13+6*M$1,2)) -> 0 | N11: =(HEX2DEC(MID($B11,10+6*N$1,2)&MID($B11,13+6*N$1,2))-65536)/10 -> -158.7 | O11: =HEX2DEC(MID($B11,10+6*O$1,2)&MID($B11,13+6*O$1,2)) -> 0 | P11: =HEX2DEC(MID($B11,10+6*P$1,2)&MID($B11,13+6*P$1,2)) -> 23448 | Q11: =HEX2DEC(MID($B11,10+6*Q$1,2)&MID($B11,13+6*Q$1,2)) -> 0 | R11: =HEX2DEC(MID($B11,10+6*R$1,2)&MID($B11,13+6*R$1,2)) -> 0 | S11: =VLOOKUP(J11,设备状态表!$D$3:$E$14,2,0) -> 提浮子，向上运行，液体
A12: [17:47:20.908]收← | B12: 01 03 20 04 99 00 00 C1 FE 00 00 11 21 00 00 00 00 08 60 48 8E 50 C0 00 00 F9 CD 00 00 5B 98 00 00 00 00 4A 53 | C12: =HEX2DEC(MID(B12,10,2)&MID(B12,13,2)) -> 1177 | D12: =HEX2DEC(MID($B12,10+6*D$1,2)&MID($B12,13+6*D$1,2)) -> 0 | E12: =(HEX2DEC(MID($B12,10+6*E$1,2)&MID($B12,13+6*E$1,2))-65536)/100 -> -158.74 | F12: =HEX2DEC(MID($B12,10+6*F$1,2)&MID($B12,13+6*F$1,2)) -> 0 | G12: =HEX2DEC(MID($B12,10+6*G$1,2)&MID($B12,13+6*G$1,2))/10 -> 438.5 | H12: =HEX2DEC(MID($B12,10+6*H$1,2)&MID($B12,13+6*H$1,2)) -> 0 | I12: =HEX2DEC(MID($B12,10+6*I$1,2)&MID($B12,13+6*I$1,2)) -> 0 | J12: =HEX2DEC(MID($B12,10+6*J$1,2)&MID($B12,13+6*J$1,2)) -> 2144 | K12: =HEX2DEC(MID($B12,10+6*K$1,2)&MID($B12,13+6*K$1,2)) -> 18574 | L12: =HEX2DEC(MID($B12,10+6*L$1,2)&MID($B12,13+6*L$1,2))/10 -> 2067.2 | M12: =HEX2DEC(MID($B12,10+6*M$1,2)&MID($B12,13+6*M$1,2)) -> 0 | N12: =(HEX2DEC(MID($B12,10+6*N$1,2)&MID($B12,13+6*N$1,2))-65536)/10 -> -158.7 | O12: =HEX2DEC(MID($B12,10+6*O$1,2)&MID($B12,13+6*O$1,2)) -> 0 | P12: =HEX2DEC(MID($B12,10+6*P$1,2)&MID($B12,13+6*P$1,2)) -> 23448 | Q12: =HEX2DEC(MID($B12,10+6*Q$1,2)&MID($B12,13+6*Q$1,2)) -> 0 | R12: =HEX2DEC(MID($B12,10+6*R$1,2)&MID($B12,13+6*R$1,2)) -> 0 | S12: =VLOOKUP(J12,设备状态表!$D$3:$E$14,2,0) -> 提浮子，向上运行，液体
A13: [17:47:22.519]收← | B13: 01 03 20 04 CF 00 00 C1 FD 00 00 11 22 00 00 00 00 08 60 48 8E 50 60 00 00 F9 CD 00 00 5B 98 00 00 00 00 FF FE | C13: =HEX2DEC(MID(B13,10,2)&MID(B13,13,2)) -> 1231 | D13: =HEX2DEC(MID($B13,10+6*D$1,2)&MID($B13,13+6*D$1,2)) -> 0 | E13: =(HEX2DEC(MID($B13,10+6*E$1,2)&MID($B13,13+6*E$1,2))-65536)/100 -> -158.75 | F13: =HEX2DEC(MID($B13,10+6*F$1,2)&MID($B13,13+6*F$1,2)) -> 0 | G13: =HEX2DEC(MID($B13,10+6*G$1,2)&MID($B13,13+6*G$1,2))/10 -> 438.6 | H13: =HEX2DEC(MID($B13,10+6*H$1,2)&MID($B13,13+6*H$1,2)) -> 0 | I13: =HEX2DEC(MID($B13,10+6*I$1,2)&MID($B13,13+6*I$1,2)) -> 0 | J13: =HEX2DEC(MID($B13,10+6*J$1,2)&MID($B13,13+6*J$1,2)) -> 2144 | K13: =HEX2DEC(MID($B13,10+6*K$1,2)&MID($B13,13+6*K$1,2)) -> 18574 | L13: =HEX2DEC(MID($B13,10+6*L$1,2)&MID($B13,13+6*L$1,2))/10 -> 2057.6 | M13: =HEX2DEC(MID($B13,10+6*M$1,2)&MID($B13,13+6*M$1,2)) -> 0 | N13: =(HEX2DEC(MID($B13,10+6*N$1,2)&MID($B13,13+6*N$1,2))-65536)/10 -> -158.7 | O13: =HEX2DEC(MID($B13,10+6*O$1,2)&MID($B13,13+6*O$1,2)) -> 0 | P13: =HEX2DEC(MID($B13,10+6*P$1,2)&MID($B13,13+6*P$1,2)) -> 23448 | Q13: =HEX2DEC(MID($B13,10+6*Q$1,2)&MID($B13,13+6*Q$1,2)) -> 0 | R13: =HEX2DEC(MID($B13,10+6*R$1,2)&MID($B13,13+6*R$1,2)) -> 0 | S13: =VLOOKUP(J13,设备状态表!$D$3:$E$14,2,0) -> 提浮子，向上运行，液体
A14: [17:47:25.426]收← | B14: 01 03 20 05 30 00 00 C1 FD 00 00 11 22 00 00 00 00 08 60 48 8E 4F 40 00 00 F9 CD 00 00 5B 98 00 00 00 00 EF 9D | C14: =HEX2DEC(MID(B14,10,2)&MID(B14,13,2)) -> 1328 | D14: =HEX2DEC(MID($B14,10+6*D$1,2)&MID($B14,13+6*D$1,2)) -> 0 | E14: =(HEX2DEC(MID($B14,10+6*E$1,2)&MID($B14,13+6*E$1,2))-65536)/100 -> -158.75 | F14: =HEX2DEC(MID($B14,10+6*F$1,2)&MID($B14,13+6*F$1,2)) -> 0 | G14: =HEX2DEC(MID($B14,10+6*G$1,2)&MID($B14,13+6*G$1,2))/10 -> 438.6 | H14: =HEX2DEC(MID($B14,10+6*H$1,2)&MID($B14,13+6*H$1,2)) -> 0 | I14: =HEX2DEC(MID($B14,10+6*I$1,2)&MID($B14,13+6*I$1,2)) -> 0 | J14: =HEX2DEC(MID($B14,10+6*J$1,2)&MID($B14,13+6*J$1,2)) -> 2144 | K14: =HEX2DEC(MID($B14,10+6*K$1,2)&MID($B14,13+6*K$1,2)) -> 18574 | L14: =HEX2DEC(MID($B14,10+6*L$1,2)&MID($B14,13+6*L$1,2))/10 -> 2028.8 | M14: =HEX2DEC(MID($B14,10+6*M$1,2)&MID($B14,13+6*M$1,2)) -> 0 | N14: =(HEX2DEC(MID($B14,10+6*N$1,2)&MID($B14,13+6*N$1,2))-65536)/10 -> -158.7 | O14: =HEX2DEC(MID($B14,10+6*O$1,2)&MID($B14,13+6*O$1,2)) -> 0 | P14: =HEX2DEC(MID($B14,10+6*P$1,2)&MID($B14,13+6*P$1,2)) -> 23448 | Q14: =HEX2DEC(MID($B14,10+6*Q$1,2)&MID($B14,13+6*Q$1,2)) -> 0 | R14: =HEX2DEC(MID($B14,10+6*R$1,2)&MID($B14,13+6*R$1,2)) -> 0 | S14: =VLOOKUP(J14,设备状态表!$D$3:$E$14,2,0) -> 提浮子，向上运行，液体
A15: [17:47:28.609]收← | B15: 01 03 20 05 9C 00 00 C1 FD 00 00 11 21 00 00 00 00 08 60 48 8E 4F E0 00 00 F9 CD 00 00 5B 98 00 00 00 00 FB 85 | C15: =HEX2DEC(MID(B15,10,2)&MID(B15,13,2)) -> 1436 | D15: =HEX2DEC(MID($B15,10+6*D$1,2)&MID($B15,13+6*D$1,2)) -> 0 | E15: =(HEX2DEC(MID($B15,10+6*E$1,2)&MID($B15,13+6*E$1,2))-65536)/100 -> -158.75 | F15: =HEX2DEC(MID($B15,10+6*F$1,2)&MID($B15,13+6*F$1,2)) -> 0 | G15: =HEX2DEC(MID($B15,10+6*G$1,2)&MID($B15,13+6*G$1,2))/10 -> 438.5 | H15: =HEX2DEC(MID($B15,10+6*H$1,2)&MID($B15,13+6*H$1,2)) -> 0 | I15: =HEX2DEC(MID($B15,10+6*I$1,2)&MID($B15,13+6*I$1,2)) -> 0 | J15: =HEX2DEC(MID($B15,10+6*J$1,2)&MID($B15,13+6*J$1,2)) -> 2144 | K15: =HEX2DEC(MID($B15,10+6*K$1,2)&MID($B15,13+6*K$1,2)) -> 18574 | L15: =HEX2DEC(MID($B15,10+6*L$1,2)&MID($B15,13+6*L$1,2))/10 -> 2044.8 | M15: =HEX2DEC(MID($B15,10+6*M$1,2)&MID($B15,13+6*M$1,2)) -> 0 | N15: =(HEX2DEC(MID($B15,10+6*N$1,2)&MID($B15,13+6*N$1,2))-65536)/10 -> -158.7 | O15: =HEX2DEC(MID($B15,10+6*O$1,2)&MID($B15,13+6*O$1,2)) -> 0 | P15: =HEX2DEC(MID($B15,10+6*P$1,2)&MID($B15,13+6*P$1,2)) -> 23448 | Q15: =HEX2DEC(MID($B15,10+6*Q$1,2)&MID($B15,13+6*Q$1,2)) -> 0 | R15: =HEX2DEC(MID($B15,10+6*R$1,2)&MID($B15,13+6*R$1,2)) -> 0 | S15: =VLOOKUP(J15,设备状态表!$D$3:$E$14,2,0) -> 提浮子，向上运行，液体
... A413: [18:10:21.068]收← | B413: 01 03 20 A3 52 00 00 E9 80 00 00 00 00 00 00 00 00 20 68 47 DE B5 80 00 00 F9 CD 00 00 5B 98 00 00 00 00 AC AA | C413: =HEX2DEC(MID(B413,10,2)&MID(B413,13,2)) -> 41810 | D413: =HEX2DEC(MID($B413,10+6*D$1,2)&MID($B413,13+6*D$1,2)) -> 0 | E413: =(HEX2DEC(MID($B413,10+6*E$1,2)&MID($B413,13+6*E$1,2))-65536)/100 -> -57.6 | F413: =HEX2DEC(MID($B413,10+6*F$1,2)&MID($B413,13+6*F$1,2)) -> 0 | G413: =HEX2DEC(MID($B413,10+6*G$1,2)&MID($B413,13+6*G$1,2))/10 -> 0 | H413: =HEX2DEC(MID($B413,10+6*H$1,2)&MID($B413,13+6*H$1,2)) -> 0 | I413: =HEX2DEC(MID($B413,10+6*I$1,2)&MID($B413,13+6*I$1,2)) -> 0 | J413: =HEX2DEC(MID($B413,10+6*J$1,2)&MID($B413,13+6*J$1,2)) -> 8296 | K413: =HEX2DEC(MID($B413,10+6*K$1,2)&MID($B413,13+6*K$1,2)) -> 18398 | L413: =HEX2DEC(MID($B413,10+6*L$1,2)&MID($B413,13+6*L$1,2))/10 -> 4646.4 | M413: =HEX2DEC(MID($B413,10+6*M$1,2)&MID($B413,13+6*M$1,2)) -> 0 | N413: =(HEX2DEC(MID($B413,10+6*N$1,2)&MID($B413,13+6*N$1,2))-65536)/10 -> -158.7 | O413: =HEX2DEC(MID($B413,10+6*O$1,2)&MID($B413,13+6*O$1,2)) -> 0 | P413: =HEX2DEC(MID($B413,10+6*P$1,2)&MID($B413,13+6*P$1,2)) -> 23448 | Q413: =HEX2DEC(MID($B413,10+6*Q$1,2)&MID($B413,13+6*Q$1,2)) -> 0 | R413: =HEX2DEC(MID($B413,10+6*R$1,2)&MID($B413,13+6*R$1,2)) -> 0 | S413: =VLOOKUP(J413,设备状态表!$D$3:$E$14,2,0) -> 零点待机

Sheet 零点开始分布测量原始数据 
A2: [18:10:25.527]收← | B2: 04 03 00 C8 00 11 04 6D | C2: =MID(B2,1,9) -> 04 03 00
A3: [18:10:26.008]收← | B3: 04 03 22 46 B8 06 00 3F 80 00 00 3F 80 00 00 3F 80 00 00 00 00 00 00 00 00 10 06 00 00 00 00 00 00 00 00 00 00 32 79 | C3: =MID(B3,1,9) -> 04 03 22
A4: [18:10:26.143]收← | B4: 03 03 00 1E 00 05 E4 2D | C4: =MID(B4,1,9) -> 03 03 00
A5: [18:10:26.238]收← | B5: 03 03 0A 31 37 30 39 31 38 30 38 32 31 55 75 | C5: =MID(B5,1,9) -> 03 03 0A
A6: [18:10:26.383]收← | B6: 03 03 00 C8 00 11 05 DA | C6: =MID(B6,1,9) -> 03 03 00
A7: [18:10:26.543]收← | B7: 03 03 22 46 B8 09 66 C4 C7 20 00 41 20 00 00 C4 C4 13 33 00 00 00 00 00 00 10 00 00 00 00 00 00 00 00 00 00 00 0C 8C | C7: =MID(B7,1,9) -> 03 03 22
A8: [18:10:26.734]收← | B8: 03 03 00 C8 00 11 05 DA | C8: =MID(B8,1,9) -> 03 03 00
A9: [18:10:26.895]收← | B9: 03 03 22 46 B8 09 66 C4 C7 20 00 41 20 00 00 C4 C4 13 33 00 00 00 00 00 00 10 00 00 00 00 00 00 00 00 00 00 00 0C 8C | C9: =MID(B9,1,9) -> 03 03 22
A10: [18:10:27.098]收← | B10: 03 03 00 C8 00 11 05 DA | C10: =MID(B10,1,9) -> 03 03 00
A11: [18:10:27.244]收← | B11: 03 03 22 46 B8 09 66 C4 C7 20 00 41 20 00 00 C4 C4 13 33 00 00 00 00 00 00 10 00 00 00 00 00 00 00 00 00 00 00 0C 8C | C11: =MID(B11,1,9) -> 03 03 22
A12: [18:10:27.436]收← | B12: 02 03 00 C8 00 11 04 0B | C12: =MID(B12,1,9) -> 02 03 00
A13: [18:10:27.842]收← | B13: 02 03 22 46 B7 EE 00 C4 C6 E0 00 41 30 00 00 C4 C4 A0 00 00 00 00 00 00 00 10 00 00 00 00 00 00 00 00 00 00 00 29 63 | C13: =MID(B13,1,9) -> 02 03 22
... A27: [18:10:30.225]收← | B27: 01 10 00 5A 00 04 E1 D9 | C27: =MID(B27,1,9) -> 01 10 00
A28: [18:10:30.350]收← | B28: 01 10 00 06 00 01 01 00 05 96 35 | C28: =MID(B28,1,9) -> 01 10 00 | D28: 下发分布测指令
A29: [18:10:30.414]收← | B29: 01 10 00 06 00 01 E1 C8 | C29: =MID(B29,1,9) -> 01 10 00
A30: [18:10:31.536]收← | B30: 04 03 00 C8 00 11 04 6D | C30: =MID(B30,1,9) -> 04 03 00
A31: [18:10:31.959]收← | B31: 04 03 22 46 B8 06 00 3F 80 00 00 3F 80 00 00 3F 80 00 00 00 00 00 00 00 00 10 06 00 00 00 00 00 00 00 00 00 00 32 79 | C31: =MID(B31,1,9) -> 04 03 22
A32: [18:10:32.093]收← | B32: 03 03 00 1E 00 05 E4 2D | C32: =MID(B32,1,9) -> 03 03 00
A33: [18:10:32.189]收← | B33: 03 03 0A 31 37 30 39 31 38 30 38 32 31 55 75 | C33: =MID(B33,1,9) -> 03 03 0A
A34: [18:10:32.346]收← | B34: 02 03 00 C8 00 11 04 0B | C34: =MID(B34,1,9) -> 02 03 00
A35: [18:10:32.610]收← | B35: 02 03 22 46 B7 EE 00 C4 C7 00 00 41 30 00 00 C4 C4 A0 00 00 00 00 00 00 00 10 | C35: =MID(B35,1,9) -> 02 03 22
A36: [18:10:32.669]收← | B36: 00 00 00 00 00 00 00 00 00 00 00 77 E3 | C36: =MID(B36,1,9) -> 00 00 00
A37: [18:10:32.774]收← | B37: 01 03 00 00 00 10 44 06 | C37: =MID(B37,1,9) -> 01 03 00
A38: [18:10:32.995]收← | B38: 01 03 20 A3 50 00 00 E9 E7 00 00 00 00 00 00 00 00 28 48 47 DE B6 00 00 00 F9 CD 00 00 5B 98 00 00 00 00 14 6D | C38: =MID(B38,1,9) -> 01 03 20
A39: [18:10:34.524]收← | B39: 04 03 00 C8 00 11 04 6D | C39: =MID(B39,1,9) -> 04 03 00
A40: [18:10:34.962]收← | B40: 04 03 22 46 B8 06 00 3F 80 00 00 3F 80 00 00 3F 80 00 00 00 00 00 00 00 00 10 06 00 00 00 00 00 00 00 00 00 00 32 79 | C40: =MID(B40,1,9) -> 04 03 22
... A735: [18:13:42.673]收← | B735: 02 03 01 2C 00 21 45 D4 | C735: =MID(B735,1,9) -> 02 03 01
A736: [18:13:42.838]收← | B736: 2 | C736: =MID(B736,1,9) -> 2
A737: [18:13:42.902]收← | B737: 03 42 00 00 C4 C8 20 00 C4 C6 20 00 C4 | C737: =MID(B737,1,9) -> 03 42 00
A738: [18:13:43.061]收← | B738: C6 E0 00 C4 C7 40 00 C4 C7 80 00 C4 C6 20 00 C4 C7 C0 00 C4 C7 E0 00 C4 C7 20 00 C4 C6 C0 00 C4 | C738: =MID(B738,1,9) -> C6 E0 00
A739: [18:13:43.178]收← | B739: C6 C0 00 C4 C6 20 00 C4 C6 40 00 C4 C5 80 00 C4 C4 40 00 C4 C3 40 00 71 EC | C739: =MID(B739,1,9) -> C6 C0 00
A740: [18:13:43.287]收← | B740: 02 03 01 54 00 21 C5 CD | C740: =MID(B740,1,9) -> 02 03 01
A741: [18:13:43.489]收← | B741: 02 03 42 FF FF 3F 80 00 00 3F 80 00 00 3F | C741: =MID(B741,1,9) -> 02 03 42
A742: [18:13:43.634]收← | B742: 80 00 00 3F 80 00 00 3F 80 00 00 3F 80 00 00 3F 80 00 00 3F 80 00 00 3F 80 00 00 | C742: =MID(B742,1,9) -> 80 00 00
A743: [18:13:43.776]收← | B743: 3F 80 00 00 3F 80 00 00 3F 80 00 00 3F 80 00 00 3F 80 00 00 3F 80 00 00 3F 80 00 00 1D E6 | C743: =MID(B743,1,9) -> 3F 80 00
A744: [18:13:43.873]收← | B744: 02 03 01 75 00 21 95 C7 | C744: =MID(B744,1,9) -> 02 03 01
A745: [18:13:44.096]收← | B745: 02 03 42 FF FF 3F 80 00 00 3F 80 00 00 3F | C745: =MID(B745,1,9) -> 02 03 42
A746: [18:13:44.161]收← | B746: 80 00 00 3F 80 00 00 3F 80 00 00 3F 80 | C746: =MID(B746,1,9) -> 80 00 00
A747: [18:13:44.230]收← | B747: 00 00 3F 80 00 00 3F 80 00 00 3F 80 00 | C747: =MID(B747,1,9) -> 00 00 3F
A748: [18:13:44.288]收← | B748: 00 3F 80 00 00 3F 80 00 00 3F 80 00 00 | C748: =MID(B748,1,9) -> 00 3F 80
... A1104: [18:15:17.782]收← | B1104: 02 03 00 C8 00 11 04 0B | C1104: =MID(B1104,1,9) -> 02 03 00
A1105: [18:15:17.947]收← | B1105: 2 | C1105: =MID(B1105,1,9) -> 2
A1106: [18:15:18.007]收← | B1106: 03 22 46 B7 EE 00 C4 C7 20 00 41 30 00 00 C4 C4 00 00 00 00 00 00 00 00 | C1106: =MID(B1106,1,9) -> 03 22 46
A1107: [18:15:18.119]收← | B1107: 10 00 00 00 00 00 00 00 00 00 00 00 B0 1A | C1107: =MID(B1107,1,9) -> 10 00 00
A1108: [18:15:18.230]收← | B1108: 01 03 00 00 00 10 44 06 | C1108: =MID(B1108,1,9) -> 01 03 00
A1109: [18:15:18.406]收← | B1109: 01 03 20 7D FD 00 00 D9 16 00 00 00 00 00 00 00 00 28 40 47 DE 9F 00 00 00 F9 CD 00 00 5B 98 00 00 00 00 05 E0 | C1109: =MID(B1109,1,9) -> 01 03 20
A1110: [18:15:19.994]收← | B1110: 04 03 00 C8 00 11 04 6D | C1110: =MID(B1110,1,9) -> 04 03 00
A1111: [18:15:20.349]收← | B1111: 04 03 22 46 B8 06 00 3F 80 00 00 3F 80 00 00 3F 80 00 00 00 00 00 00 00 00 10 06 00 00 00 00 00 00 00 00 00 00 32 79 | C1111: =MID(B1111,1,9) -> 04 03 22
A1112: [18:15:20.504]收← | B1112: 03 03 00 1E 00 05 E4 2D | C1112: =MID(B1112,1,9) -> 03 03 00
A1113: [18:15:20.587]收← | B1113: 03 03 0A 31 37 30 39 31 38 30 38 32 31 55 75 | C1113: =MID(B1113,1,9) -> 03 03 0A
A1114: [18:15:20.744]收← | B1114: 03 03 00 C8 00 11 05 DA | C1114: =MID(B1114,1,9) -> 03 03 00
A1115: [18:15:20.901]收← | B1115: 03 03 22 46 B8 09 66 C4 C7 20 00 41 20 00 00 C4 C4 0C CD 00 00 00 00 00 00 10 00 00 00 00 00 00 00 00 00 00 11 05 DA | C1115: =MID(B1115,1,9) -> 03 03 22
A1116: [18:15:21.029]收← | B1116: 03 03 00 C8 00 11 05 DA | C1116: =MID(B1116,1,9) -> 03 03 00
A1117: [18:15:21.188]收← | B1117: 03 03 22 46 B8 09 66 C4 C7 20 00 41 20 00 00 C4 C4 0C CD 00 00 00 00 00 00 10 00 00 00 00 00 00 00 00 00 00 00 83 1D | C1117: =MID(B1117,1,9) -> 03 03 22
... A1743: [18:18:12.948]收← | B1743: 02 03 00 C8 00 11 04 0B | C1743: =MID(B1743,1,9) -> 02 03 00
A1744: [18:18:13.130]收← | B1744: 2 | C1744: =MID(B1744,1,9) -> 2
A1745: [18:18:13.206]收← | B1745: 03 22 46 B7 EE 00 C4 C7 20 00 41 30 00 | C1745: =MID(B1745,1,9) -> 03 22 46
A1746: [18:18:13.326]收← | B1746: 00 C4 C4 80 00 00 00 00 00 00 00 10 00 00 00 00 00 00 00 00 00 00 00 AF C4 | C1746: =MID(B1746,1,9) -> 00 C4 C4
A1747: [18:18:13.430]收← | B1747: 01 03 00 00 00 10 44 06 | C1747: =MID(B1747,1,9) -> 01 03 00
A1748: [18:18:13.638]收← | B1748: 01 03 20 66 E5 00 00 CE 6C 00 00 00 00 00 00 00 00 28 40 47 DE 9E 00 00 00 F9 CD 00 00 5B 98 00 00 00 00 54 65 | C1748: =MID(B1748,1,9) -> 01 03 20
A1749: [18:18:15.064]收← | B1749: 04 03 00 C8 00 11 04 6D | C1749: =MID(B1749,1,9) -> 04 03 00
A1750: [18:18:15.519]收← | B1750: 04 03 22 46 B8 06 00 3F 80 00 00 3F 80 00 00 3F 80 00 00 00 00 00 00 00 00 10 06 00 00 00 00 00 00 00 00 00 00 32 79 | C1750: =MID(B1750,1,9) -> 04 03 22
A1751: [18:18:15.668]收← | B1751: 04 03 01 2C 00 21 45 B2 | C1751: =MID(B1751,1,9) -> 04 03 01
A1752: [18:18:16.024]收← | B1752: 04 03 42 FF FF 3F 80 00 00 3F 80 00 00 3F 80 00 00 3F 80 00 00 3F 80 00 00 3F 80 00 00 3F 80 00 | C1752: =MID(B1752,1,9) -> 04 03 42
A1753: [18:18:16.181]收← | B1753: 00 3F 80 00 00 3F 80 00 00 3F 80 00 00 3F 80 00 00 3F 80 00 00 3F 80 00 00 3F 80 00 00 3F 80 00 00 3F 80 00 00 3F 80 | C1753: =MID(B1753,1,9) -> 00 3F 80
A1754: [18:18:16.324]收← | B1754: 04 03 01 54 00 21 C5 AB | C1754: =MID(B1754,1,9) -> 04 03 01
A1755: [18:18:16.789]收← | B1755: 04 03 42 FF FF 3F 80 00 00 3F 80 00 00 3F 80 00 00 3F 80 00 00 3F 80 00 00 3F 80 00 00 3F 80 00 | C1755: =MID(B1755,1,9) -> 04 03 42
A1756: [18:18:16.943]收← | B1756: 00 3F 80 00 00 3F 80 00 00 3F 80 00 00 3F 80 00 00 3F 80 00 00 3F 80 00 00 3F 80 00 00 3F 80 00 00 3F 80 00 00 3F 80 | C1756: =MID(B1756,1,9) -> 00 3F 80
... A3539: [18:26:21.086]收← | B3539: 02 03 01 2C 00 21 45 D4 | C3539: =MID(B3539,1,9) -> 02 03 01
A3540: [18:26:21.325]收← | B3540: 2 | C3540: =MID(B3540,1,9) -> 2
A3541: [18:26:21.393]收← | B3541: 03 42 00 00 C4 C7 20 00 C4 C7 20 00 | C3541: =MID(B3541,1,9) -> 03 42 00
A3542: [18:26:21.452]收← | B3542: C4 C6 E0 00 C4 C6 20 00 C4 C7 40 00 C4 C7 80 00 C4 C7 A0 00 C4 C7 40 00 | C3542: =MID(B3542,1,9) -> C4 C6 E0
A3543: [18:26:21.567]收← | B3543: C4 C7 80 00 C4 C7 A0 00 C4 C7 40 00 | C3543: =MID(B3543,1,9) -> C4 C7 80
A3544: [18:26:21.675]收← | B3544: C4 C5 C0 00 C4 C5 20 00 C4 C6 A0 00 C4 C4 00 00 C4 C2 80 00 23 95 | C3544: =MID(B3544,1,9) -> C4 C5 C0
A3545: [18:26:21.775]收← | B3545: 02 03 01 54 00 21 C5 CD | C3545: =MID(B3545,1,9) -> 02 03 01
A3546: [18:26:22.003]收← | B3546: 02 03 42 FF FF 3F 80 00 00 3F 80 00 00 | C3546: =MID(B3546,1,9) -> 02 03 42
A3547: [18:26:22.141]收← | B3547: 3F 80 00 00 3F 80 00 00 3F 80 00 00 3F 80 00 00 3F 80 00 00 3F 80 00 00 3F 80 00 00 3F 80 00 00 | C3547: =MID(B3547,1,9) -> 3F 80 00
A3548: [18:26:22.214]收← | B3548: 3F 80 00 00 3F 80 00 00 3F 80 00 00 3F 80 00 00 3F 80 00 00 3F 80 00 00 1D E6 | C3548: =MID(B3548,1,9) -> 3F 80 00
A3549: [18:26:22.380]收← | B3549: 02 03 01 75 00 21 95 C7 | C3549: =MID(B3549,1,9) -> 02 03 01
A3550: [18:26:22.677]收← | B3550: 02 03 42 FF FF 3F 80 00 00 3F 80 00 00 3F 80 00 00 3F 80 00 00 3F 80 00 00 3F 80 00 00 3F 80 00 00 3F 80 00 00 3F 80 00 00 3F 80 00 00 3F 80 00 00 3F | C3550: =MID(B3550,1,9) -> 02 03 42
A3551: [18:26:22.824]收← | B3551: 80 00 00 3F 80 00 00 3F 80 00 00 3F 80 00 00 3F 80 00 00 1D E6 | C3551: =MID(B3551,1,9) -> 80 00 00
A3552: [18:26:22.972]收← | B3552: 02 03 01 9A 00 21 A4 32 | C3552: =MID(B3552,1,9) -> 02 03 01
... A3563: [18:26:24.814]收← | B3563: 02 03 00 C8 00 11 04 0B | C3563: =MID(B3563,1,9) -> 02 03 00
A3564: [18:26:24.951]收← | B3564: 2 | C3564: =MID(B3564,1,9) -> 2
A3565: [18:26:25.113]收← | B3565: 03 22 46 B7 F0 00 C4 C7 20 00 41 30 00 00 C4 C4 C0 00 00 00 00 00 00 00 10 00 00 00 00 00 00 00 00 00 00 00 AE 83 | C3565: =MID(B3565,1,9) -> 03 22 46
A3566: [18:26:25.253]收← | B3566: 01 03 00 00 00 10 44 06 | C3566: =MID(B3566,1,9) -> 01 03 00
A3567: [18:26:25.447]收← | B3567: 01 03 20 26 43 00 00 C1 FC 00 00 11 1D 00 00 00 00 08 40 48 8E 45 A0 00 00 F9 CD 00 00 5B 98 00 00 00 00 88 91 | C3567: =MID(B3567,1,9) -> 01 03 20
A3568: [18:26:26.955]收← | B3568: 04 03 00 C8 00 11 04 6D | C3568: =MID(B3568,1,9) -> 04 03 00
A3569: [18:26:27.282]收← | B3569: 04 03 22 46 B8 08 00 3F 80 00 00 3F 80 00 00 3F 80 00 00 00 00 00 00 00 00 10 06 00 00 00 00 00 00 00 00 00 00 35 31 | C3569: =MID(B3569,1,9) -> 04 03 22
A3570: [18:26:27.421]收← | B3570: 03 03 00 1E 00 05 E4 2D | C3570: =MID(B3570,1,9) -> 03 03 00
A3571: [18:26:27.514]收← | B3571: 03 03 0A 31 37 30 39 31 38 30 38 32 31 55 75 | C3571: =MID(B3571,1,9) -> 03 03 0A
A3572: [18:26:27.630]收← | B3572: 02 03 00 C8 00 11 04 0B | C3572: =MID(B3572,1,9) -> 02 03 00
A3573: [18:26:27.884]收← | B3573: 02 03 22 46 B7 F0 00 C4 C7 20 00 41 30 00 | C3573: =MID(B3573,1,9) -> 02 03 22
A3574: [18:26:28.002]收← | B3574: 00 C4 C4 C0 00 00 00 00 00 00 00 10 00 00 00 00 00 00 00 00 00 00 00 AE 83 | C3574: =MID(B3574,1,9) -> 00 C4 C4
A3575: [18:26:28.108]收← | B3575: 01 03 00 00 00 10 44 06 | C3575: =MID(B3575,1,9) -> 01 03 00
A3576: [18:26:28.285]收← | B3576: 01 03 20 25 E3 00 00 C1 FC 00 00 11 1E 00 00 00 00 08 40 48 8E 46 40 00 00 F9 CD 00 00 5B 98 00 00 00 00 A1 F8 | C3576: =MID(B3576,1,9) -> 01 03 20
... A3668: [18:26:56.331]收← | B3668: 02 03 01 75 00 21 95 C7 | C3668: =MID(B3668,1,9) -> 02 03 01
A3669: [18:26:56.490]收← | B3669: 2 | C3669: =MID(B3669,1,9) -> 2
A3670: [18:26:56.553]收← | B3670: 03 42 FF FF 3F 80 00 00 3F 80 00 00 | C3670: =MID(B3670,1,9) -> 03 42 FF
A3671: [18:26:56.616]收← | B3671: 3F 80 00 00 3F 80 00 00 3F 80 00 00 3F 80 00 00 3F 80 00 00 3F 80 00 00 | C3671: =MID(B3671,1,9) -> 3F 80 00
...

Sheet 零点开始分布测量
C1: 0 | D1: 1 | E1: 2 | F1: 3 | G1: 4 | H1: 5 | I1: 6 | J1: 7 | K1: 8 | L1: 9 | M1: 10 | N1: 11 | O1: 12 | P1: 13 | Q1: 14 | R1: 15
A2: [18:10:25.527]收← | B2: 04 03 00 C8 00 11 04 6D | C2: 浮子位置 | D2: 浮子状态 | E2: 温度 | F2: 温度状态 | G2: 密度值 | H2: 密度状态 | I2: 下发指令 | J2: 设备工作状态 | K2: （幅值）未知 | L2: 频率值 | M2: 未知状态位 | N2: 温度 | O2: 温度状态 | P2: 液位值 | Q2: 液位状态 | R2: 位置 | S2: 状态解析
A3: [18:10:28.166]收← | B3: 01 03 20 A3 52 00 00 E9 C7 00 00 00 00 00 00 00 00 20 68 47 DE B7 80 00 00 F9 CD 00 00 5B 98 00 00 00 00 AE 1B | C3: =HEX2DEC(MID($B3,10+6*C1,2)&MID($B3,13+6*C1,2)) -> 41810 | D3: =HEX2DEC(MID($B3,10+6*D$1,2)&MID($B3,13+6*D$1,2)) -> 0 | E3: =(HEX2DEC(MID($B3,10+6*E$1,2)&MID($B3,13+6*E$1,2))-65536)/100 -> -56.89 | F3: =HEX2DEC(MID($B3,10+6*F$1,2)&MID($B3,13+6*F$1,2)) -> 0 | G3: =HEX2DEC(MID($B3,10+6*G$1,2)&MID($B3,13+6*G$1,2))/10 -> 0 | H3: =HEX2DEC(MID($B3,10+6*H$1,2)&MID($B3,13+6*H$1,2)) -> 0 | I3: =HEX2DEC(MID($B3,10+6*I$1,2)&MID($B3,13+6*I$1,2)) -> 0 | J3: =HEX2DEC(MID($B3,10+6*J$1,2)&MID($B3,13+6*J$1,2)) -> 8296 | K3: =HEX2DEC(MID($B3,10+6*K$1,2)&MID($B3,13+6*K$1,2)) -> 18398 | L3: =HEX2DEC(MID($B3,10+6*L$1,2)&MID($B3,13+6*L$1,2))/10 -> 4697.6 | M3: =HEX2DEC(MID($B3,10+6*M$1,2)&MID($B3,13+6*M$1,2)) -> 0 | N3: =(HEX2DEC(MID($B3,10+6*N$1,2)&MID($B3,13+6*N$1,2))-65536)/10 -> -158.7 | O3: =HEX2DEC(MID($B3,10+6*O$1,2)&MID($B3,13+6*O$1,2)) -> 0 | P3: =HEX2DEC(MID($B3,10+6*P$1,2)&MID($B3,13+6*P$1,2)) -> 23448 | Q3: =HEX2DEC(MID($B3,10+6*Q$1,2)&MID($B3,13+6*Q$1,2)) -> 0 | R3: =HEX2DEC(MID($B3,10+6*R$1,2)&MID($B3,13+6*R$1,2)) -> 0 | S3: =VLOOKUP(J3,设备状态表!$D$3:$E$14,2,0) -> 零点待机
A4: [18:10:29.998]收← | B4: 01 03 20 A3 52 00 00 E9 E4 00 00 00 00 00 00 00 00 20 68 47 DE B5 80 00 00 F9 CD 00 00 5B 98 00 00 00 00 53 01 | C4: =HEX2DEC(MID(B4,10,2)&MID(B4,13,2)) -> 41810 | D4: =HEX2DEC(MID($B4,10+6*D$1,2)&MID($B4,13+6*D$1,2)) -> 0 | E4: =(HEX2DEC(MID($B4,10+6*E$1,2)&MID($B4,13+6*E$1,2))-65536)/100 -> -56.6 | F4: =HEX2DEC(MID($B4,10+6*F$1,2)&MID($B4,13+6*F$1,2)) -> 0 | G4: =HEX2DEC(MID($B4,10+6*G$1,2)&MID($B4,13+6*G$1,2))/10 -> 0 | H4: =HEX2DEC(MID($B4,10+6*H$1,2)&MID($B4,13+6*H$1,2)) -> 0 | I4: =HEX2DEC(MID($B4,10+6*I$1,2)&MID($B4,13+6*I$1,2)) -> 0 | J4: =HEX2DEC(MID($B4,10+6*J$1,2)&MID($B4,13+6*J$1,2)) -> 8296 | K4: =HEX2DEC(MID($B4,10+6*K$1,2)&MID($B4,13+6*K$1,2)) -> 18398 | L4: =HEX2DEC(MID($B4,10+6*L$1,2)&MID($B4,13+6*L$1,2))/10 -> 4646.4 | M4: =HEX2DEC(MID($B4,10+6*M$1,2)&MID($B4,13+6*M$1,2)) -> 0 | N4: =(HEX2DEC(MID($B4,10+6*N$1,2)&MID($B4,13+6*N$1,2))-65536)/10 -> -158.7 | O4: =HEX2DEC(MID($B4,10+6*O$1,2)&MID($B4,13+6*O$1,2)) -> 0 | P4: =HEX2DEC(MID($B4,10+6*P$1,2)&MID($B4,13+6*P$1,2)) -> 23448 | Q4: =HEX2DEC(MID($B4,10+6*Q$1,2)&MID($B4,13+6*Q$1,2)) -> 0 | R4: =HEX2DEC(MID($B4,10+6*R$1,2)&MID($B4,13+6*R$1,2)) -> 0 | S4: =VLOOKUP(J4,设备状态表!$D$3:$E$14,2,0) -> 零点待机
A5: [18:10:32.995]收← | B5: 01 03 20 A3 50 00 00 E9 E7 00 00 00 00 00 00 00 00 28 48 47 DE B6 00 00 00 F9 CD 00 00 5B 98 00 00 00 00 14 6D | C5: =HEX2DEC(MID(B5,10,2)&MID(B5,13,2)) -> 41808 | D5: =HEX2DEC(MID($B5,10+6*D$1,2)&MID($B5,13+6*D$1,2)) -> 0 | E5: =(HEX2DEC(MID($B5,10+6*E$1,2)&MID($B5,13+6*E$1,2))-65536)/100 -> -56.57 | F5: =HEX2DEC(MID($B5,10+6*F$1,2)&MID($B5,13+6*F$1,2)) -> 0 | G5: =HEX2DEC(MID($B5,10+6*G$1,2)&MID($B5,13+6*G$1,2))/10 -> 0 | H5: =HEX2DEC(MID($B5,10+6*H$1,2)&MID($B5,13+6*H$1,2)) -> 0 | I5: =HEX2DEC(MID($B5,10+6*I$1,2)&MID($B5,13+6*I$1,2)) -> 0 | J5: =HEX2DEC(MID($B5,10+6*J$1,2)&MID($B5,13+6*J$1,2)) -> 10312 | K5: =HEX2DEC(MID($B5,10+6*K$1,2)&MID($B5,13+6*K$1,2)) -> 18398 | L5: =HEX2DEC(MID($B5,10+6*L$1,2)&MID($B5,13+6*L$1,2))/10 -> 4659.2 | M5: =HEX2DEC(MID($B5,10+6*M$1,2)&MID($B5,13+6*M$1,2)) -> 0 | N5: =(HEX2DEC(MID($B5,10+6*N$1,2)&MID($B5,13+6*N$1,2))-65536)/10 -> -158.7 | O5: =HEX2DEC(MID($B5,10+6*O$1,2)&MID($B5,13+6*O$1,2)) -> 0 | P5: =HEX2DEC(MID($B5,10+6*P$1,2)&MID($B5,13+6*P$1,2)) -> 23448 | Q5: =HEX2DEC(MID($B5,10+6*Q$1,2)&MID($B5,13+6*Q$1,2)) -> 0 | R5: =HEX2DEC(MID($B5,10+6*R$1,2)&MID($B5,13+6*R$1,2)) -> 0 | S5: =VLOOKUP(J5,设备状态表!$D$3:$E$14,2,0) -> 在零点收到分布测量
A6: [18:10:36.024]收← | B6: 01 03 20 A3 14 00 00 EA 0B 00 00 00 00 00 00 00 00 28 40 47 DE B6 00 00 00 F9 CD 00 00 5B 98 00 00 00 00 29 CA | C6: =HEX2DEC(MID(B6,10,2)&MID(B6,13,2)) -> 41748 | D6: =HEX2DEC(MID($B6,10+6*D$1,2)&MID($B6,13+6*D$1,2)) -> 0 | E6: =(HEX2DEC(MID($B6,10+6*E$1,2)&MID($B6,13+6*E$1,2))-65536)/100 -> -56.21 | F6: =HEX2DEC(MID($B6,10+6*F$1,2)&MID($B6,13+6*F$1,2)) -> 0 | G6: =HEX2DEC(MID($B6,10+6*G$1,2)&MID($B6,13+6*G$1,2))/10 -> 0 | H6: =HEX2DEC(MID($B6,10+6*H$1,2)&MID($B6,13+6*H$1,2)) -> 0 | I6: =HEX2DEC(MID($B6,10+6*I$1,2)&MID($B6,13+6*I$1,2)) -> 0 | J6: =HEX2DEC(MID($B6,10+6*J$1,2)&MID($B6,13+6*J$1,2)) -> 10304 | K6: =HEX2DEC(MID($B6,10+6*K$1,2)&MID($B6,13+6*K$1,2)) -> 18398 | L6: =HEX2DEC(MID($B6,10+6*L$1,2)&MID($B6,13+6*L$1,2))/10 -> 4659.2 | M6: =HEX2DEC(MID($B6,10+6*M$1,2)&MID($B6,13+6*M$1,2)) -> 0 | N6: =(HEX2DEC(MID($B6,10+6*N$1,2)&MID($B6,13+6*N$1,2))-65536)/10 -> -158.7 | O6: =HEX2DEC(MID($B6,10+6*O$1,2)&MID($B6,13+6*O$1,2)) -> 0 | P6: =HEX2DEC(MID($B6,10+6*P$1,2)&MID($B6,13+6*P$1,2)) -> 23448 | Q6: =HEX2DEC(MID($B6,10+6*Q$1,2)&MID($B6,13+6*Q$1,2)) -> 0 | R6: =HEX2DEC(MID($B6,10+6*R$1,2)&MID($B6,13+6*R$1,2)) -> 0 | S6: =VLOOKUP(J6,设备状态表!$D$3:$E$14,2,0) -> 空气中、下行
A7: [18:10:38.920]收← | B7: 01 03 20 A2 AF 00 00 EA 40 00 00 00 00 00 00 00 00 28 40 47 DE B4 00 00 00 F9 CD 00 00 5B 98 00 00 00 00 1B 5D | C7: =HEX2DEC(MID(B7,10,2)&MID(B7,13,2)) -> 41647 | D7: =HEX2DEC(MID($B7,10+6*D$1,2)&MID($B7,13+6*D$1,2)) -> 0 | E7: =(HEX2DEC(MID($B7,10+6*E$1,2)&MID($B7,13+6*E$1,2))-65536)/100 -> -55.68 | F7: =HEX2DEC(MID($B7,10+6*F$1,2)&MID($B7,13+6*F$1,2)) -> 0 | G7: =HEX2DEC(MID($B7,10+6*G$1,2)&MID($B7,13+6*G$1,2))/10 -> 0 | H7: =HEX2DEC(MID($B7,10+6*H$1,2)&MID($B7,13+6*H$1,2)) -> 0 | I7: =HEX2DEC(MID($B7,10+6*I$1,2)&MID($B7,13+6*I$1,2)) -> 0 | J7: =HEX2DEC(MID($B7,10+6*J$1,2)&MID($B7,13+6*J$1,2)) -> 10304 | K7: =HEX2DEC(MID($B7,10+6*K$1,2)&MID($B7,13+6*K$1,2)) -> 18398 | L7: =HEX2DEC(MID($B7,10+6*L$1,2)&MID($B7,13+6*L$1,2))/10 -> 4608 | M7: =HEX2DEC(MID($B7,10+6*M$1,2)&MID($B7,13+6*M$1,2)) -> 0 | N7: =(HEX2DEC(MID($B7,10+6*N$1,2)&MID($B7,13+6*N$1,2))-65536)/10 -> -158.7 | O7: =HEX2DEC(MID($B7,10+6*O$1,2)&MID($B7,13+6*O$1,2)) -> 0 | P7: =HEX2DEC(MID($B7,10+6*P$1,2)&MID($B7,13+6*P$1,2)) -> 23448 | Q7: =HEX2DEC(MID($B7,10+6*Q$1,2)&MID($B7,13+6*Q$1,2)) -> 0 | R7: =HEX2DEC(MID($B7,10+6*R$1,2)&MID($B7,13+6*R$1,2)) -> 0 | S7: =VLOOKUP(J7,设备状态表!$D$3:$E$14,2,0) -> 空气中、下行
A8: [18:10:41.992]收← | B8: 01 03 20 A2 48 00 00 EA 55 00 00 00 00 00 00 00 00 28 40 47 DE B5 00 00 00 F9 CD 00 00 5B 98 00 00 00 00 15 47 | C8: =HEX2DEC(MID(B8,10,2)&MID(B8,13,2)) -> 41544 | D8: =HEX2DEC(MID($B8,10+6*D$1,2)&MID($B8,13+6*D$1,2)) -> 0 | E8: =(HEX2DEC(MID($B8,10+6*E$1,2)&MID($B8,13+6*E$1,2))-65536)/100 -> -55.47 | F8: =HEX2DEC(MID($B8,10+6*F$1,2)&MID($B8,13+6*F$1,2)) -> 0 | G8: =HEX2DEC(MID($B8,10+6*G$1,2)&MID($B8,13+6*G$1,2))/10 -> 0 | H8: =HEX2DEC(MID($B8,10+6*H$1,2)&MID($B8,13+6*H$1,2)) -> 0 | I8: =HEX2DEC(MID($B8,10+6*I$1,2)&MID($B8,13+6*I$1,2)) -> 0 | J8: =HEX2DEC(MID($B8,10+6*J$1,2)&MID($B8,13+6*J$1,2)) -> 10304 | K8: =HEX2DEC(MID($B8,10+6*K$1,2)&MID($B8,13+6*K$1,2)) -> 18398 | L8: =HEX2DEC(MID($B8,10+6*L$1,2)&MID($B8,13+6*L$1,2))/10 -> 4633.6 | M8: =HEX2DEC(MID($B8,10+6*M$1,2)&MID($B8,13+6*M$1,2)) -> 0 | N8: =(HEX2DEC(MID($B8,10+6*N$1,2)&MID($B8,13+6*N$1,2))-65536)/10 -> -158.7 | O8: =HEX2DEC(MID($B8,10+6*O$1,2)&MID($B8,13+6*O$1,2)) -> 0 | P8: =HEX2DEC(MID($B8,10+6*P$1,2)&MID($B8,13+6*P$1,2)) -> 23448 | Q8: =HEX2DEC(MID($B8,10+6*Q$1,2)&MID($B8,13+6*Q$1,2)) -> 0 | R8: =HEX2DEC(MID($B8,10+6*R$1,2)&MID($B8,13+6*R$1,2)) -> 0 | S8: =VLOOKUP(J8,设备状态表!$D$3:$E$14,2,0) -> 空气中、下行
A9: [18:10:45.940]收← | B9: 01 03 20 A1 C3 00 00 EA 85 00 00 00 00 00 00 00 00 28 40 47 DE B7 00 00 00 F9 CD 00 00 5B 98 00 00 00 00 DA 93 | C9: =HEX2DEC(MID(B9,10,2)&MID(B9,13,2)) -> 41411 | D9: =HEX2DEC(MID($B9,10+6*D$1,2)&MID($B9,13+6*D$1,2)) -> 0 | E9: =(HEX2DEC(MID($B9,10+6*E$1,2)&MID($B9,13+6*E$1,2))-65536)/100 -> -54.99 | F9: =HEX2DEC(MID($B9,10+6*F$1,2)&MID($B9,13+6*F$1,2)) -> 0 | G9: =HEX2DEC(MID($B9,10+6*G$1,2)&MID($B9,13+6*G$1,2))/10 -> 0 | H9: =HEX2DEC(MID($B9,10+6*H$1,2)&MID($B9,13+6*H$1,2)) -> 0 | I9: =HEX2DEC(MID($B9,10+6*I$1,2)&MID($B9,13+6*I$1,2)) -> 0 | J9: =HEX2DEC(MID($B9,10+6*J$1,2)&MID($B9,13+6*J$1,2)) -> 10304 | K9: =HEX2DEC(MID($B9,10+6*K$1,2)&MID($B9,13+6*K$1,2)) -> 18398 | L9: =HEX2DEC(MID($B9,10+6*L$1,2)&MID($B9,13+6*L$1,2))/10 -> 4684.8 | M9: =HEX2DEC(MID($B9,10+6*M$1,2)&MID($B9,13+6*M$1,2)) -> 0 | N9: =(HEX2DEC(MID($B9,10+6*N$1,2)&MID($B9,13+6*N$1,2))-65536)/10 -> -158.7 | O9: =HEX2DEC(MID($B9,10+6*O$1,2)&MID($B9,13+6*O$1,2)) -> 0 | P9: =HEX2DEC(MID($B9,10+6*P$1,2)&MID($B9,13+6*P$1,2)) -> 23448 | Q9: =HEX2DEC(MID($B9,10+6*Q$1,2)&MID($B9,13+6*Q$1,2)) -> 0 | R9: =HEX2DEC(MID($B9,10+6*R$1,2)&MID($B9,13+6*R$1,2)) -> 0 | S9: =VLOOKUP(J9,设备状态表!$D$3:$E$14,2,0) -> 空气中、下行
A10: [18:10:53.238]收← | B10: 01 03 20 A0 CF 00 00 EA C8 00 00 00 00 00 00 00 00 28 40 47 DE B7 80 00 00 F9 CD 00 00 5B 98 00 00 00 00 E5 99 | C10: =HEX2DEC(MID(B10,10,2)&MID(B10,13,2)) -> 41167 | D10: =HEX2DEC(MID($B10,10+6*D$1,2)&MID($B10,13+6*D$1,2)) -> 0 | E10: =(HEX2DEC(MID($B10,10+6*E$1,2)&MID($B10,13+6*E$1,2))-65536)/100 -> -54.32 | F10: =HEX2DEC(MID($B10,10+6*F$1,2)&MID($B10,13+6*F$1,2)) -> 0 | G10: =HEX2DEC(MID($B10,10+6*G$1,2)&MID($B10,13+6*G$1,2))/10 -> 0 | H10: =HEX2DEC(MID($B10,10+6*H$1,2)&MID($B10,13+6*H$1,2)) -> 0 | I10: =HEX2DEC(MID($B10,10+6*I$1,2)&MID($B10,13+6*I$1,2)) -> 0 | J10: =HEX2DEC(MID($B10,10+6*J$1,2)&MID($B10,13+6*J$1,2)) -> 10304 | K10: =HEX2DEC(MID($B10,10+6*K$1,2)&MID($B10,13+6*K$1,2)) -> 18398 | L10: =HEX2DEC(MID($B10,10+6*L$1,2)&MID($B10,13+6*L$1,2))/10 -> 4697.6 | M10: =HEX2DEC(MID($B10,10+6*M$1,2)&MID($B10,13+6*M$1,2)) -> 0 | N10: =(HEX2DEC(MID($B10,10+6*N$1,2)&MID($B10,13+6*N$1,2))-65536)/10 -> -158.7 | O10: =HEX2DEC(MID($B10,10+6*O$1,2)&MID($B10,13+6*O$1,2)) -> 0 | P10: =HEX2DEC(MID($B10,10+6*P$1,2)&MID($B10,13+6*P$1,2)) -> 23448 | Q10: =HEX2DEC(MID($B10,10+6*Q$1,2)&MID($B10,13+6*Q$1,2)) -> 0 | R10: =HEX2DEC(MID($B10,10+6*R$1,2)&MID($B10,13+6*R$1,2)) -> 0 | S10: =VLOOKUP(J10,设备状态表!$D$3:$E$14,2,0) -> 空气中、下行
A11: [18:10:54.744]收← | B11: 01 03 20 A0 9D 00 00 EA CB 00 00 00 00 00 00 00 00 28 40 47 DE B7 80 00 00 F9 CD 00 00 5B 98 00 00 00 00 C5 B2 | C11: =HEX2DEC(MID(B11,10,2)&MID(B11,13,2)) -> 41117 | D11: =HEX2DEC(MID($B11,10+6*D$1,2)&MID($B11,13+6*D$1,2)) -> 0 | E11: =(HEX2DEC(MID($B11,10+6*E$1,2)&MID($B11,13+6*E$1,2))-65536)/100 -> -54.29 | F11: =HEX2DEC(MID($B11,10+6*F$1,2)&MID($B11,13+6*F$1,2)) -> 0 | G11: =HEX2DEC(MID($B11,10+6*G$1,2)&MID($B11,13+6*G$1,2))/10 -> 0 | H11: =HEX2DEC(MID($B11,10+6*H$1,2)&MID($B11,13+6*H$1,2)) -> 0 | I11: =HEX2DEC(MID($B11,10+6*I$1,2)&MID($B11,13+6*I$1,2)) -> 0 | J11: =HEX2DEC(MID($B11,10+6*J$1,2)&MID($B11,13+6*J$1,2)) -> 10304 | K11: =HEX2DEC(MID($B11,10+6*K$1,2)&MID($B11,13+6*K$1,2)) -> 18398 | L11: =HEX2DEC(MID($B11,10+6*L$1,2)&MID($B11,13+6*L$1,2))/10 -> 4697.6 | M11: =HEX2DEC(MID($B11,10+6*M$1,2)&MID($B11,13+6*M$1,2)) -> 0 | N11: =(HEX2DEC(MID($B11,10+6*N$1,2)&MID($B11,13+6*N$1,2))-65536)/10 -> -158.7 | O11: =HEX2DEC(MID($B11,10+6*O$1,2)&MID($B11,13+6*O$1,2)) -> 0 | P11: =HEX2DEC(MID($B11,10+6*P$1,2)&MID($B11,13+6*P$1,2)) -> 23448 | Q11: =HEX2DEC(MID($B11,10+6*Q$1,2)&MID($B11,13+6*Q$1,2)) -> 0 | R11: =HEX2DEC(MID($B11,10+6*R$1,2)&MID($B11,13+6*R$1,2)) -> 0 | S11: =VLOOKUP(J11,设备状态表!$D$3:$E$14,2,0) -> 空气中、下行
A12: [18:10:57.761]收← | B12: 01 03 20 A0 39 00 00 EA E7 00 00 00 00 00 00 00 00 28 40 47 DE B9 00 00 00 F9 CD 00 00 5B 98 00 00 00 00 8A E6 | C12: =HEX2DEC(MID(B12,10,2)&MID(B12,13,2)) -> 41017 | D12: =HEX2DEC(MID($B12,10+6*D$1,2)&MID($B12,13+6*D$1,2)) -> 0 | E12: =(HEX2DEC(MID($B12,10+6*E$1,2)&MID($B12,13+6*E$1,2))-65536)/100 -> -54.01 | F12: =HEX2DEC(MID($B12,10+6*F$1,2)&MID($B12,13+6*F$1,2)) -> 0 | G12: =HEX2DEC(MID($B12,10+6*G$1,2)&MID($B12,13+6*G$1,2))/10 -> 0 | H12: =HEX2DEC(MID($B12,10+6*H$1,2)&MID($B12,13+6*H$1,2)) -> 0 | I12: =HEX2DEC(MID($B12,10+6*I$1,2)&MID($B12,13+6*I$1,2)) -> 0 | J12: =HEX2DEC(MID($B12,10+6*J$1,2)&MID($B12,13+6*J$1,2)) -> 10304 | K12: =HEX2DEC(MID($B12,10+6*K$1,2)&MID($B12,13+6*K$1,2)) -> 18398 | L12: =HEX2DEC(MID($B12,10+6*L$1,2)&MID($B12,13+6*L$1,2))/10 -> 4736 | M12: =HEX2DEC(MID($B12,10+6*M$1,2)&MID($B12,13+6*M$1,2)) -> 0 | N12: =(HEX2DEC(MID($B12,10+6*N$1,2)&MID($B12,13+6*N$1,2))-65536)/10 -> -158.7 | O12: =HEX2DEC(MID($B12,10+6*O$1,2)&MID($B12,13+6*O$1,2)) -> 0 | P12: =HEX2DEC(MID($B12,10+6*P$1,2)&MID($B12,13+6*P$1,2)) -> 23448 | Q12: =HEX2DEC(MID($B12,10+6*Q$1,2)&MID($B12,13+6*Q$1,2)) -> 0 | R12: =HEX2DEC(MID($B12,10+6*R$1,2)&MID($B12,13+6*R$1,2)) -> 0 | S12: =VLOOKUP(J12,设备状态表!$D$3:$E$14,2,0) -> 空气中、下行
A13: [18:11:00.781]收← | B13: 01 03 20 9F D4 00 00 EB 08 00 00 00 00 00 00 00 00 28 40 47 DE B8 00 00 00 F9 CD 00 00 5B 98 00 00 00 00 39 7F | C13: =HEX2DEC(MID(B13,10,2)&MID(B13,13,2)) -> 40916 | D13: =HEX2DEC(MID($B13,10+6*D$1,2)&MID($B13,13+6*D$1,2)) -> 0 | E13: =(HEX2DEC(MID($B13,10+6*E$1,2)&MID($B13,13+6*E$1,2))-65536)/100 -> -53.68 | F13: =HEX2DEC(MID($B13,10+6*F$1,2)&MID($B13,13+6*F$1,2)) -> 0 | G13: =HEX2DEC(MID($B13,10+6*G$1,2)&MID($B13,13+6*G$1,2))/10 -> 0 | H13: =HEX2DEC(MID($B13,10+6*H$1,2)&MID($B13,13+6*H$1,2)) -> 0 | I13: =HEX2DEC(MID($B13,10+6*I$1,2)&MID($B13,13+6*I$1,2)) -> 0 | J13: =HEX2DEC(MID($B13,10+6*J$1,2)&MID($B13,13+6*J$1,2)) -> 10304 | K13: =HEX2DEC(MID($B13,10+6*K$1,2)&MID($B13,13+6*K$1,2)) -> 18398 | L13: =HEX2DEC(MID($B13,10+6*L$1,2)&MID($B13,13+6*L$1,2))/10 -> 4710.4 | M13: =HEX2DEC(MID($B13,10+6*M$1,2)&MID($B13,13+6*M$1,2)) -> 0 | N13: =(HEX2DEC(MID($B13,10+6*N$1,2)&MID($B13,13+6*N$1,2))-65536)/10 -> -158.7 | O13: =HEX2DEC(MID($B13,10+6*O$1,2)&MID($B13,13+6*O$1,2)) -> 0 | P13: =HEX2DEC(MID($B13,10+6*P$1,2)&MID($B13,13+6*P$1,2)) -> 23448 | Q13: =HEX2DEC(MID($B13,10+6*Q$1,2)&MID($B13,13+6*Q$1,2)) -> 0 | R13: =HEX2DEC(MID($B13,10+6*R$1,2)&MID($B13,13+6*R$1,2)) -> 0 | S13: =VLOOKUP(J13,设备状态表!$D$3:$E$14,2,0) -> 空气中、下行
A14: [18:11:03.715]收← | B14: 01 03 20 9F 72 00 00 EB 0B 00 00 00 00 00 00 00 00 28 40 47 DE B9 80 00 00 F9 CD 00 00 5B 98 00 00 00 00 A7 E1 | C14: =HEX2DEC(MID(B14,10,2)&MID(B14,13,2)) -> 40818 | D14: =HEX2DEC(MID($B14,10+6*D$1,2)&MID($B14,13+6*D$1,2)) -> 0 | E14: =(HEX2DEC(MID($B14,10+6*E$1,2)&MID($B14,13+6*E$1,2))-65536)/100 -> -53.65 | F14: =HEX2DEC(MID($B14,10+6*F$1,2)&MID($B14,13+6*F$1,2)) -> 0 | G14: =HEX2DEC(MID($B14,10+6*G$1,2)&MID($B14,13+6*G$1,2))/10 -> 0 | H14: =HEX2DEC(MID($B14,10+6*H$1,2)&MID($B14,13+6*H$1,2)) -> 0 | I14: =HEX2DEC(MID($B14,10+6*I$1,2)&MID($B14,13+6*I$1,2)) -> 0 | J14: =HEX2DEC(MID($B14,10+6*J$1,2)&MID($B14,13+6*J$1,2)) -> 10304 | K14: =HEX2DEC(MID($B14,10+6*K$1,2)&MID($B14,13+6*K$1,2)) -> 18398 | L14: =HEX2DEC(MID($B14,10+6*L$1,2)&MID($B14,13+6*L$1,2))/10 -> 4748.8 | M14: =HEX2DEC(MID($B14,10+6*M$1,2)&MID($B14,13+6*M$1,2)) -> 0 | N14: =(HEX2DEC(MID($B14,10+6*N$1,2)&MID($B14,13+6*N$1,2))-65536)/10 -> -158.7 | O14: =HEX2DEC(MID($B14,10+6*O$1,2)&MID($B14,13+6*O$1,2)) -> 0 | P14: =HEX2DEC(MID($B14,10+6*P$1,2)&MID($B14,13+6*P$1,2)) -> 23448 | Q14: =HEX2DEC(MID($B14,10+6*Q$1,2)&MID($B14,13+6*Q$1,2)) -> 0 | R14: =HEX2DEC(MID($B14,10+6*R$1,2)&MID($B14,13+6*R$1,2)) -> 0 | S14: =VLOOKUP(J14,设备状态表!$D$3:$E$14,2,0) -> 空气中、下行
A15: [18:11:06.862]收← | B15: 01 03 20 9F 08 00 00 EB 2B 00 00 00 00 00 00 00 00 28 40 47 DE B9 80 00 00 F9 CD 00 00 5B 98 00 00 00 00 F9 04 | C15: =HEX2DEC(MID(B15,10,2)&MID(B15,13,2)) -> 40712 | D15: =HEX2DEC(MID($B15,10+6*D$1,2)&MID($B15,13+6*D$1,2)) -> 0 | E15: =(HEX2DEC(MID($B15,10+6*E$1,2)&MID($B15,13+6*E$1,2))-65536)/100 -> -53.33 | F15: =HEX2DEC(MID($B15,10+6*F$1,2)&MID($B15,13+6*F$1,2)) -> 0 | G15: =HEX2DEC(MID($B15,10+6*G$1,2)&MID($B15,13+6*G$1,2))/10 -> 0 | H15: =HEX2DEC(MID($B15,10+6*H$1,2)&MID($B15,13+6*H$1,2)) -> 0 | I15: =HEX2DEC(MID($B15,10+6*I$1,2)&MID($B15,13+6*I$1,2)) -> 0 | J15: =HEX2DEC(MID($B15,10+6*J$1,2)&MID($B15,13+6*J$1,2)) -> 10304 | K15: =HEX2DEC(MID($B15,10+6*K$1,2)&MID($B15,13+6*K$1,2)) -> 18398 | L15: =HEX2DEC(MID($B15,10+6*L$1,2)&MID($B15,13+6*L$1,2))/10 -> 4748.8 | M15: =HEX2DEC(MID($B15,10+6*M$1,2)&MID($B15,13+6*M$1,2)) -> 0 | N15: =(HEX2DEC(MID($B15,10+6*N$1,2)&MID($B15,13+6*N$1,2))-65536)/10 -> -158.7 | O15: =HEX2DEC(MID($B15,10+6*O$1,2)&MID($B15,13+6*O$1,2)) -> 0 | P15: =HEX2DEC(MID($B15,10+6*P$1,2)&MID($B15,13+6*P$1,2)) -> 23448 | Q15: =HEX2DEC(MID($B15,10+6*Q$1,2)&MID($B15,13+6*Q$1,2)) -> 0 | R15: =HEX2DEC(MID($B15,10+6*R$1,2)&MID($B15,13+6*R$1,2)) -> 0 | S15: =VLOOKUP(J15,设备状态表!$D$3:$E$14,2,0) -> 空气中、下行
... A555: [18:42:27.186]收← | B555: 01 03 20 5B 8B 00 00 C1 FC 00 00 11 1F 00 00 00 00 0C 60 48 8E 48 60 00 00 F9 CD 00 00 5B 98 00 00 00 00 FC 4B | C555: =HEX2DEC(MID(B555,10,2)&MID(B555,13,2)) -> 23435 | D555: =HEX2DEC(MID($B555,10+6*D$1,2)&MID($B555,13+6*D$1,2)) -> 0 | E555: =(HEX2DEC(MID($B555,10+6*E$1,2)&MID($B555,13+6*E$1,2))-65536)/100 -> -158.76 | F555: =HEX2DEC(MID($B555,10+6*F$1,2)&MID($B555,13+6*F$1,2)) -> 0 | G555: =HEX2DEC(MID($B555,10+6*G$1,2)&MID($B555,13+6*G$1,2))/10 -> 438.3 | H555: =HEX2DEC(MID($B555,10+6*H$1,2)&MID($B555,13+6*H$1,2)) -> 0 | I555: =HEX2DEC(MID($B555,10+6*I$1,2)&MID($B555,13+6*I$1,2)) -> 0 | J555: =HEX2DEC(MID($B555,10+6*J$1,2)&MID($B555,13+6*J$1,2)) -> 3168 | K555: =HEX2DEC(MID($B555,10+6*K$1,2)&MID($B555,13+6*K$1,2)) -> 18574 | L555: =HEX2DEC(MID($B555,10+6*L$1,2)&MID($B555,13+6*L$1,2))/10 -> 1852.8 | M555: =HEX2DEC(MID($B555,10+6*M$1,2)&MID($B555,13+6*M$1,2)) -> 0 | N555: =(HEX2DEC(MID($B555,10+6*N$1,2)&MID($B555,13+6*N$1,2))-65536)/10 -> -158.7 | O555: =HEX2DEC(MID($B555,10+6*O$1,2)&MID($B555,13+6*O$1,2)) -> 0 | P555: =HEX2DEC(MID($B555,10+6*P$1,2)&MID($B555,13+6*P$1,2)) -> 23448 | Q555: =HEX2DEC(MID($B555,10+6*Q$1,2)&MID($B555,13+6*Q$1,2)) -> 0 | R555: =HEX2DEC(MID($B555,10+6*R$1,2)&MID($B555,13+6*R$1,2)) -> 0 | S555: =VLOOKUP(J555,设备状态表!$D$3:$E$14,2,0) -> 向上运行，密度分布测量中
A556: [18:42:36.163]收← | B556: 01 03 20 5B 3C 00 00 C1 FB 00 00 11 1F 00 00 00 00 08 40 48 8E 4B 00 00 00 F9 CD 00 00 5B 9A 00 00 00 00 50 CF | C556: =HEX2DEC(MID(B556,10,2)&MID(B556,13,2)) -> 23356 | D556: =HEX2DEC(MID($B556,10+6*D$1,2)&MID($B556,13+6*D$1,2)) -> 0 | E556: =(HEX2DEC(MID($B556,10+6*E$1,2)&MID($B556,13+6*E$1,2))-65536)/100 -> -158.77 | F556: =HEX2DEC(MID($B556,10+6*F$1,2)&MID($B556,13+6*F$1,2)) -> 0 | G556: =HEX2DEC(MID($B556,10+6*G$1,2)&MID($B556,13+6*G$1,2))/10 -> 438.3 | H556: =HEX2DEC(MID($B556,10+6*H$1,2)&MID($B556,13+6*H$1,2)) -> 0 | I556: =HEX2DEC(MID($B556,10+6*I$1,2)&MID($B556,13+6*I$1,2)) -> 0 | J556: =HEX2DEC(MID($B556,10+6*J$1,2)&MID($B556,13+6*J$1,2)) -> 2112 | K556: =HEX2DEC(MID($B556,10+6*K$1,2)&MID($B556,13+6*K$1,2)) -> 18574 | L556: =HEX2DEC(MID($B556,10+6*L$1,2)&MID($B556,13+6*L$1,2))/10 -> 1920 | M556: =HEX2DEC(MID($B556,10+6*M$1,2)&MID($B556,13+6*M$1,2)) -> 0 | N556: =(HEX2DEC(MID($B556,10+6*N$1,2)&MID($B556,13+6*N$1,2))-65536)/10 -> -158.7 | O556: =HEX2DEC(MID($B556,10+6*O$1,2)&MID($B556,13+6*O$1,2)) -> 0 | P556: =HEX2DEC(MID($B556,10+6*P$1,2)&MID($B556,13+6*P$1,2)) -> 23450 | Q556: =HEX2DEC(MID($B556,10+6*Q$1,2)&MID($B556,13+6*Q$1,2)) -> 0 | R556: =HEX2DEC(MID($B556,10+6*R$1,2)&MID($B556,13+6*R$1,2)) -> 0 | S556: =VLOOKUP(J556,设备状态表!$D$3:$E$14,2,0) -> 向下运动到固定点监测 | T556: 下一个包读了密度数据
A557: [18:42:39.002]收← | B557: 01 03 20 5A E6 00 00 C1 FB 00 00 11 1F 00 00 00 00 08 40 48 8E 49 C0 00 00 F9 CD 00 00 5B 9A 00 00 00 00 F2 00 | C557: =HEX2DEC(MID(B557,10,2)&MID(B557,13,2)) -> 23270 | D557: =HEX2DEC(MID($B557,10+6*D$1,2)&MID($B557,13+6*D$1,2)) -> 0 | E557: =(HEX2DEC(MID($B557,10+6*E$1,2)&MID($B557,13+6*E$1,2))-65536)/100 -> -158.77 | F557: =HEX2DEC(MID($B557,10+6*F$1,2)&MID($B557,13+6*F$1,2)) -> 0 | G557: =HEX2DEC(MID($B557,10+6*G$1,2)&MID($B557,13+6*G$1,2))/10 -> 438.3 | H557: =HEX2DEC(MID($B557,10+6*H$1,2)&MID($B557,13+6*H$1,2)) -> 0 | I557: =HEX2DEC(MID($B557,10+6*I$1,2)&MID($B557,13+6*I$1,2)) -> 0 | J557: =HEX2DEC(MID($B557,10+6*J$1,2)&MID($B557,13+6*J$1,2)) -> 2112 | K557: =HEX2DEC(MID($B557,10+6*K$1,2)&MID($B557,13+6*K$1,2)) -> 18574 | L557: =HEX2DEC(MID($B557,10+6*L$1,2)&MID($B557,13+6*L$1,2))/10 -> 1888 | M557: =HEX2DEC(MID($B557,10+6*M$1,2)&MID($B557,13+6*M$1,2)) -> 0 | N557: =(HEX2DEC(MID($B557,10+6*N$1,2)&MID($B557,13+6*N$1,2))-65536)/10 -> -158.7 | O557: =HEX2DEC(MID($B557,10+6*O$1,2)&MID($B557,13+6*O$1,2)) -> 0 | P557: =HEX2DEC(MID($B557,10+6*P$1,2)&MID($B557,13+6*P$1,2)) -> 23450 | Q557: =HEX2DEC(MID($B557,10+6*Q$1,2)&MID($B557,13+6*Q$1,2)) -> 0 | R557: =HEX2DEC(MID($B557,10+6*R$1,2)&MID($B557,13+6*R$1,2)) -> 0 | S557: =VLOOKUP(J557,设备状态表!$D$3:$E$14,2,0) -> 向下运动到固定点监测
A558: [18:42:43.447]收← | B558: 01 03 20 5A 5D 00 00 C1 FA 00 00 11 1F 00 00 00 00 08 40 48 8E 49 C0 00 00 F9 CD 00 00 5B 9A 00 00 00 00 3C D4 | C558: =HEX2DEC(MID(B558,10,2)&MID(B558,13,2)) -> 23133 | D558: =HEX2DEC(MID($B558,10+6*D$1,2)&MID($B558,13+6*D$1,2)) -> 0 | E558: =(HEX2DEC(MID($B558,10+6*E$1,2)&MID($B558,13+6*E$1,2))-65536)/100 -> -158.78 | F558: =HEX2DEC(MID($B558,10+6*F$1,2)&MID($B558,13+6*F$1,2)) -> 0 | G558: =HEX2DEC(MID($B558,10+6*G$1,2)&MID($B558,13+6*G$1,2))/10 -> 438.3 | H558: =HEX2DEC(MID($B558,10+6*H$1,2)&MID($B558,13+6*H$1,2)) -> 0 | I558: =HEX2DEC(MID($B558,10+6*I$1,2)&MID($B558,13+6*I$1,2)) -> 0 | J558: =HEX2DEC(MID($B558,10+6*J$1,2)&MID($B558,13+6*J$1,2)) -> 2112 | K558: =HEX2DEC(MID($B558,10+6*K$1,2)&MID($B558,13+6*K$1,2)) -> 18574 | L558: =HEX2DEC(MID($B558,10+6*L$1,2)&MID($B558,13+6*L$1,2))/10 -> 1888 | M558: =HEX2DEC(MID($B558,10+6*M$1,2)&MID($B558,13+6*M$1,2)) -> 0 | N558: =(HEX2DEC(MID($B558,10+6*N$1,2)&MID($B558,13+6*N$1,2))-65536)/10 -> -158.7 | O558: =HEX2DEC(MID($B558,10+6*O$1,2)&MID($B558,13+6*O$1,2)) -> 0 | P558: =HEX2DEC(MID($B558,10+6*P$1,2)&MID($B558,13+6*P$1,2)) -> 23450 | Q558: =HEX2DEC(MID($B558,10+6*Q$1,2)&MID($B558,13+6*Q$1,2)) -> 0 | R558: =HEX2DEC(MID($B558,10+6*R$1,2)&MID($B558,13+6*R$1,2)) -> 0 | S558: =VLOOKUP(J558,设备状态表!$D$3:$E$14,2,0) -> 向下运动到固定点监测
A559: [18:42:48.101]收← | B559: 01 03 20 59 C7 00 00 C1 FA 00 00 11 1F 00 00 00 00 08 40 48 8E 49 E0 00 00 F9 CD 00 00 5B 9A 00 00 00 00 E3 44 | C559: =HEX2DEC(MID(B559,10,2)&MID(B559,13,2)) -> 22983 | D559: =HEX2DEC(MID($B559,10+6*D$1,2)&MID($B559,13+6*D$1,2)) -> 0 | E559: =(HEX2DEC(MID($B559,10+6*E$1,2)&MID($B559,13+6*E$1,2))-65536)/100 -> -158.78 | F559: =HEX2DEC(MID($B559,10+6*F$1,2)&MID($B559,13+6*F$1,2)) -> 0 | G559: =HEX2DEC(MID($B559,10+6*G$1,2)&MID($B559,13+6*G$1,2))/10 -> 438.3 | H559: =HEX2DEC(MID($B559,10+6*H$1,2)&MID($B559,13+6*H$1,2)) -> 0 | I559: =HEX2DEC(MID($B559,10+6*I$1,2)&MID($B559,13+6*I$1,2)) -> 0 | J559: =HEX2DEC(MID($B559,10+6*J$1,2)&MID($B559,13+6*J$1,2)) -> 2112 | K559: =HEX2DEC(MID($B559,10+6*K$1,2)&MID($B559,13+6*K$1,2)) -> 18574 | L559: =HEX2DEC(MID($B559,10+6*L$1,2)&MID($B559,13+6*L$1,2))/10 -> 1891.2 | M559: =HEX2DEC(MID($B559,10+6*M$1,2)&MID($B559,13+6*M$1,2)) -> 0 | N559: =(HEX2DEC(MID($B559,10+6*N$1,2)&MID($B559,13+6*N$1,2))-65536)/10 -> -158.7 | O559: =HEX2DEC(MID($B559,10+6*O$1,2)&MID($B559,13+6*O$1,2)) -> 0 | P559: =HEX2DEC(MID($B559,10+6*P$1,2)&MID($B559,13+6*P$1,2)) -> 23450 | Q559: =HEX2DEC(MID($B559,10+6*Q$1,2)&MID($B559,13+6*Q$1,2)) -> 0 | R559: =HEX2DEC(MID($B559,10+6*R$1,2)&MID($B559,13+6*R$1,2)) -> 0 | S559: =VLOOKUP(J559,设备状态表!$D$3:$E$14,2,0) -> 向下运动到固定点监测
A560: [18:42:54.708]收← | B560: 01 03 20 58 ED 00 00 C1 F9 00 00 11 1F 00 00 00 00 08 40 48 8E 4B 80 00 00 F9 CD 00 00 5B 9A 00 00 00 00 C0 9A | C560: =HEX2DEC(MID(B560,10,2)&MID(B560,13,2)) -> 22765 | D560: =HEX2DEC(MID($B560,10+6*D$1,2)&MID($B560,13+6*D$1,2)) -> 0 | E560: =(HEX2DEC(MID($B560,10+6*E$1,2)&MID($B560,13+6*E$1,2))-65536)/100 -> -158.79 | F560: =HEX2DEC(MID($B560,10+6*F$1,2)&MID($B560,13+6*F$1,2)) -> 0 | G560: =HEX2DEC(MID($B560,10+6*G$1,2)&MID($B560,13+6*G$1,2))/10 -> 438.3 | H560: =HEX2DEC(MID($B560,10+6*H$1,2)&MID($B560,13+6*H$1,2)) -> 0 | I560: =HEX2DEC(MID($B560,10+6*I$1,2)&MID($B560,13+6*I$1,2)) -> 0 | J560: =HEX2DEC(MID($B560,10+6*J$1,2)&MID($B560,13+6*J$1,2)) -> 2112 | K560: =HEX2DEC(MID($B560,10+6*K$1,2)&MID($B560,13+6*K$1,2)) -> 18574 | L560: =HEX2DEC(MID($B560,10+6*L$1,2)&MID($B560,13+6*L$1,2))/10 -> 1932.8 | M560: =HEX2DEC(MID($B560,10+6*M$1,2)&MID($B560,13+6*M$1,2)) -> 0 | N560: =(HEX2DEC(MID($B560,10+6*N$1,2)&MID($B560,13+6*N$1,2))-65536)/10 -> -158.7 | O560: =HEX2DEC(MID($B560,10+6*O$1,2)&MID($B560,13+6*O$1,2)) -> 0 | P560: =HEX2DEC(MID($B560,10+6*P$1,2)&MID($B560,13+6*P$1,2)) -> 23450 | Q560: =HEX2DEC(MID($B560,10+6*Q$1,2)&MID($B560,13+6*Q$1,2)) -> 0 | R560: =HEX2DEC(MID($B560,10+6*R$1,2)&MID($B560,13+6*R$1,2)) -> 0 | S560: =VLOOKUP(J560,设备状态表!$D$3:$E$14,2,0) -> 向下运动到固定点监测
A561: [18:42:59.456]收← | B561: 01 03 20 58 50 00 00 C1 F9 00 00 11 1F 00 00 00 00 08 40 48 8E 49 20 00 00 F9 CD 00 00 5B 9A 00 00 00 00 13 AC | C561: =HEX2DEC(MID(B561,10,2)&MID(B561,13,2)) -> 22608 | D561: =HEX2DEC(MID($B561,10+6*D$1,2)&MID($B561,13+6*D$1,2)) -> 0 | E561: =(HEX2DEC(MID($B561,10+6*E$1,2)&MID($B561,13+6*E$1,2))-65536)/100 -> -158.79 | F561: =HEX2DEC(MID($B561,10+6*F$1,2)&MID($B561,13+6*F$1,2)) -> 0 | G561: =HEX2DEC(MID($B561,10+6*G$1,2)&MID($B561,13+6*G$1,2))/10 -> 438.3 | H561: =HEX2DEC(MID($B561,10+6*H$1,2)&MID($B561,13+6*H$1,2)) -> 0 | I561: =HEX2DEC(MID($B561,10+6*I$1,2)&MID($B561,13+6*I$1,2)) -> 0 | J561: =HEX2DEC(MID($B561,10+6*J$1,2)&MID($B561,13+6*J$1,2)) -> 2112 | K561: =HEX2DEC(MID($B561,10+6*K$1,2)&MID($B561,13+6*K$1,2)) -> 18574 | L561: =HEX2DEC(MID($B561,10+6*L$1,2)&MID($B561,13+6*L$1,2))/10 -> 1872 | M561: =HEX2DEC(MID($B561,10+6*M$1,2)&MID($B561,13+6*M$1,2)) -> 0 | N561: =(HEX2DEC(MID($B561,10+6*N$1,2)&MID($B561,13+6*N$1,2))-65536)/10 -> -158.7 | O561: =HEX2DEC(MID($B561,10+6*O$1,2)&MID($B561,13+6*O$1,2)) -> 0 | P561: =HEX2DEC(MID($B561,10+6*P$1,2)&MID($B561,13+6*P$1,2)) -> 23450 | Q561: =HEX2DEC(MID($B561,10+6*Q$1,2)&MID($B561,13+6*Q$1,2)) -> 0 | R561: =HEX2DEC(MID($B561,10+6*R$1,2)&MID($B561,13+6*R$1,2)) -> 0 | S561: =VLOOKUP(J561,设备状态表!$D$3:$E$14,2,0) -> 向下运动到固定点监测
A562: [18:43:06.199]收← | B562: 01 03 20 57 6E 00 00 C1 FB 00 00 11 1F 00 00 00 00 08 40 48 8E 49 40 00 00 F9 CD 00 00 5B 9A 00 00 00 00 8A 71 | C562: =HEX2DEC(MID(B562,10,2)&MID(B562,13,2)) -> 22382 | D562: =HEX2DEC(MID($B562,10+6*D$1,2)&MID($B562,13+6*D$1,2)) -> 0 | E562: =(HEX2DEC(MID($B562,10+6*E$1,2)&MID($B562,13+6*E$1,2))-65536)/100 -> -158.77 | F562: =HEX2DEC(MID($B562,10+6*F$1,2)&MID($B562,13+6*F$1,2)) -> 0 | G562: =HEX2DEC(MID($B562,10+6*G$1,2)&MID($B562,13+6*G$1,2))/10 -> 438.3 | H562: =HEX2DEC(MID($B562,10+6*H$1,2)&MID($B562,13+6*H$1,2)) -> 0 | I562: =HEX2DEC(MID($B562,10+6*I$1,2)&MID($B562,13+6*I$1,2)) -> 0 | J562: =HEX2DEC(MID($B562,10+6*J$1,2)&MID($B562,13+6*J$1,2)) -> 2112 | K562: =HEX2DEC(MID($B562,10+6*K$1,2)&MID($B562,13+6*K$1,2)) -> 18574 | L562: =HEX2DEC(MID($B562,10+6*L$1,2)&MID($B562,13+6*L$1,2))/10 -> 1875.2 | M562: =HEX2DEC(MID($B562,10+6*M$1,2)&MID($B562,13+6*M$1,2)) -> 0 | N562: =(HEX2DEC(MID($B562,10+6*N$1,2)&MID($B562,13+6*N$1,2))-65536)/10 -> -158.7 | O562: =HEX2DEC(MID($B562,10+6*O$1,2)&MID($B562,13+6*O$1,2)) -> 0 | P562: =HEX2DEC(MID($B562,10+6*P$1,2)&MID($B562,13+6*P$1,2)) -> 23450 | Q562: =HEX2DEC(MID($B562,10+6*Q$1,2)&MID($B562,13+6*Q$1,2)) -> 0 | R562: =HEX2DEC(MID($B562,10+6*R$1,2)&MID($B562,13+6*R$1,2)) -> 0 | S562: =VLOOKUP(J562,设备状态表!$D$3:$E$14,2,0) -> 向下运动到固定点监测
A563: [18:43:12.368]收← | B563: 01 03 20 56 A0 00 00 C1 FA 00 00 11 1F 00 00 00 00 08 40 48 8E 4A 00 00 00 F9 CD 00 00 5B 9A 00 00 00 00 69 37 | C563: =HEX2DEC(MID(B563,10,2)&MID(B563,13,2)) -> 22176 | D563: =HEX2DEC(MID($B563,10+6*D$1,2)&MID($B563,13+6*D$1,2)) -> 0 | E563: =(HEX2DEC(MID($B563,10+6*E$1,2)&MID($B563,13+6*E$1,2))-65536)/100 -> -158.78 | F563: =HEX2DEC(MID($B563,10+6*F$1,2)&MID($B563,13+6*F$1,2)) -> 0 | G563: =HEX2DEC(MID($B563,10+6*G$1,2)&MID($B563,13+6*G$1,2))/10 -> 438.3 | H563: =HEX2DEC(MID($B563,10+6*H$1,2)&MID($B563,13+6*H$1,2)) -> 0 | I563: =HEX2DEC(MID($B563,10+6*I$1,2)&MID($B563,13+6*I$1,2)) -> 0 | J563: =HEX2DEC(MID($B563,10+6*J$1,2)&MID($B563,13+6*J$1,2)) -> 2112 | K563: =HEX2DEC(MID($B563,10+6*K$1,2)&MID($B563,13+6*K$1,2)) -> 18574 | L563: =HEX2DEC(MID($B563,10+6*L$1,2)&MID($B563,13+6*L$1,2))/10 -> 1894.4 | M563: =HEX2DEC(MID($B563,10+6*M$1,2)&MID($B563,13+6*M$1,2)) -> 0 | N563: =(HEX2DEC(MID($B563,10+6*N$1,2)&MID($B563,13+6*N$1,2))-65536)/10 -> -158.7 | O563: =HEX2DEC(MID($B563,10+6*O$1,2)&MID($B563,13+6*O$1,2)) -> 0 | P563: =HEX2DEC(MID($B563,10+6*P$1,2)&MID($B563,13+6*P$1,2)) -> 23450 | Q563: =HEX2DEC(MID($B563,10+6*Q$1,2)&MID($B563,13+6*Q$1,2)) -> 0 | R563: =HEX2DEC(MID($B563,10+6*R$1,2)&MID($B563,13+6*R$1,2)) -> 0 | S563: =VLOOKUP(J563,设备状态表!$D$3:$E$14,2,0) -> 向下运动到固定点监测
A564: [18:43:15.271]收← | B564: 01 03 20 56 40 00 00 C1 FB 00 00 11 1F 00 00 00 00 08 40 48 8E 49 60 00 00 F9 CD 00 00 5B 9A 00 00 00 00 14 A8 | C564: =HEX2DEC(MID(B564,10,2)&MID(B564,13,2)) -> 22080 | D564: =HEX2DEC(MID($B564,10+6*D$1,2)&MID($B564,13+6*D$1,2)) -> 0 | E564: =(HEX2DEC(MID($B564,10+6*E$1,2)&MID($B564,13+6*E$1,2))-65536)/100 -> -158.77 | F564: =HEX2DEC(MID($B564,10+6*F$1,2)&MID($B564,13+6*F$1,2)) -> 0 | G564: =HEX2DEC(MID($B564,10+6*G$1,2)&MID($B564,13+6*G$1,2))/10 -> 438.3 | H564: =HEX2DEC(MID($B564,10+6*H$1,2)&MID($B564,13+6*H$1,2)) -> 0 | I564: =HEX2DEC(MID($B564,10+6*I$1,2)&MID($B564,13+6*I$1,2)) -> 0 | J564: =HEX2DEC(MID($B564,10+6*J$1,2)&MID($B564,13+6*J$1,2)) -> 2112 | K564: =HEX2DEC(MID($B564,10+6*K$1,2)&MID($B564,13+6*K$1,2)) -> 18574 | L564: =HEX2DEC(MID($B564,10+6*L$1,2)&MID($B564,13+6*L$1,2))/10 -> 1878.4 | M564: =HEX2DEC(MID($B564,10+6*M$1,2)&MID($B564,13+6*M$1,2)) -> 0 | N564: =(HEX2DEC(MID($B564,10+6*N$1,2)&MID($B564,13+6*N$1,2))-65536)/10 -> -158.7 | O564: =HEX2DEC(MID($B564,10+6*O$1,2)&MID($B564,13+6*O$1,2)) -> 0 | P564: =HEX2DEC(MID($B564,10+6*P$1,2)&MID($B564,13+6*P$1,2)) -> 23450 | Q564: =HEX2DEC(MID($B564,10+6*Q$1,2)&MID($B564,13+6*Q$1,2)) -> 0 | R564: =HEX2DEC(MID($B564,10+6*R$1,2)&MID($B564,13+6*R$1,2)) -> 0 | S564: =VLOOKUP(J564,设备状态表!$D$3:$E$14,2,0) -> 向下运动到固定点监测
A565: [18:43:19.385]收← | B565: 01 03 20 55 B9 00 00 C1 FB 00 00 11 1F 00 00 00 00 08 40 48 8E 4A A0 00 00 F9 CD 00 00 5B 9A 00 00 00 00 06 6D | C565: =HEX2DEC(MID(B565,10,2)&MID(B565,13,2)) -> 21945 | D565: =HEX2DEC(MID($B565,10+6*D$1,2)&MID($B565,13+6*D$1,2)) -> 0 | E565: =(HEX2DEC(MID($B565,10+6*E$1,2)&MID($B565,13+6*E$1,2))-65536)/100 -> -158.77 | F565: =HEX2DEC(MID($B565,10+6*F$1,2)&MID($B565,13+6*F$1,2)) -> 0 | G565: =HEX2DEC(MID($B565,10+6*G$1,2)&MID($B565,13+6*G$1,2))/10 -> 438.3 | H565: =HEX2DEC(MID($B565,10+6*H$1,2)&MID($B565,13+6*H$1,2)) -> 0 | I565: =HEX2DEC(MID($B565,10+6*I$1,2)&MID($B565,13+6*I$1,2)) -> 0 | J565: =HEX2DEC(MID($B565,10+6*J$1,2)&MID($B565,13+6*J$1,2)) -> 2112 | K565: =HEX2DEC(MID($B565,10+6*K$1,2)&MID($B565,13+6*K$1,2)) -> 18574 | L565: =HEX2DEC(MID($B565,10+6*L$1,2)&MID($B565,13+6*L$1,2))/10 -> 1910.4 | M565: =HEX2DEC(MID($B565,10+6*M$1,2)&MID($B565,13+6*M$1,2)) -> 0 | N565: =(HEX2DEC(MID($B565,10+6*N$1,2)&MID($B565,13+6*N$1,2))-65536)/10 -> -158.7 | O565: =HEX2DEC(MID($B565,10+6*O$1,2)&MID($B565,13+6*O$1,2)) -> 0 | P565: =HEX2DEC(MID($B565,10+6*P$1,2)&MID($B565,13+6*P$1,2)) -> 23450 | Q565: =HEX2DEC(MID($B565,10+6*Q$1,2)&MID($B565,13+6*Q$1,2)) -> 0 | R565: =HEX2DEC(MID($B565,10+6*R$1,2)&MID($B565,13+6*R$1,2)) -> 0 | S565: =VLOOKUP(J565,设备状态表!$D$3:$E$14,2,0) -> 向下运动到固定点监测
A566: [18:43:27.780]收← | B566: 01 03 20 54 A0 00 00 C1 FB 00 00 11 1F 00 00 00 00 08 40 48 8E 48 C0 00 00 F9 CD 00 00 5B 9A 00 00 00 00 94 6E | C566: =HEX2DEC(MID(B566,10,2)&MID(B566,13,2)) -> 21664 | D566: =HEX2DEC(MID($B566,10+6*D$1,2)&MID($B566,13+6*D$1,2)) -> 0 | E566: =(HEX2DEC(MID($B566,10+6*E$1,2)&MID($B566,13+6*E$1,2))-65536)/100 -> -158.77 | F566: =HEX2DEC(MID($B566,10+6*F$1,2)&MID($B566,13+6*F$1,2)) -> 0 | G566: =HEX2DEC(MID($B566,10+6*G$1,2)&MID($B566,13+6*G$1,2))/10 -> 438.3 | H566: =HEX2DEC(MID($B566,10+6*H$1,2)&MID($B566,13+6*H$1,2)) -> 0 | I566: =HEX2DEC(MID($B566,10+6*I$1,2)&MID($B566,13+6*I$1,2)) -> 0 | J566: =HEX2DEC(MID($B566,10+6*J$1,2)&MID($B566,13+6*J$1,2)) -> 2112 | K566: =HEX2DEC(MID($B566,10+6*K$1,2)&MID($B566,13+6*K$1,2)) -> 18574 | L566: =HEX2DEC(MID($B566,10+6*L$1,2)&MID($B566,13+6*L$1,2))/10 -> 1862.4 | M566: =HEX2DEC(MID($B566,10+6*M$1,2)&MID($B566,13+6*M$1,2)) -> 0 | N566: =(HEX2DEC(MID($B566,10+6*N$1,2)&MID($B566,13+6*N$1,2))-65536)/10 -> -158.7 | O566: =HEX2DEC(MID($B566,10+6*O$1,2)&MID($B566,13+6*O$1,2)) -> 0 | P566: =HEX2DEC(MID($B566,10+6*P$1,2)&MID($B566,13+6*P$1,2)) -> 23450 | Q566: =HEX2DEC(MID($B566,10+6*Q$1,2)&MID($B566,13+6*Q$1,2)) -> 0 | R566: =HEX2DEC(MID($B566,10+6*R$1,2)&MID($B566,13+6*R$1,2)) -> 0 | S566: =VLOOKUP(J566,设备状态表!$D$3:$E$14,2,0) -> 向下运动到固定点监测
A567: [18:43:29.390]收← | B567: 01 03 20 54 6A 00 00 C1 FB 00 00 11 1F 00 00 00 00 08 40 48 8E 49 40 00 00 F9 CD 00 00 5B 9A 00 00 00 00 CB 07 | C567: =HEX2DEC(MID(B567,10,2)&MID(B567,13,2)) -> 21610 | D567: =HEX2DEC(MID($B567,10+6*D$1,2)&MID($B567,13+6*D$1,2)) -> 0 | E567: =(HEX2DEC(MID($B567,10+6*E$1,2)&MID($B567,13+6*E$1,2))-65536)/100 -> -158.77 | F567: =HEX2DEC(MID($B567,10+6*F$1,2)&MID($B567,13+6*F$1,2)) -> 0 | G567: =HEX2DEC(MID($B567,10+6*G$1,2)&MID($B567,13+6*G$1,2))/10 -> 438.3 | H567: =HEX2DEC(MID($B567,10+6*H$1,2)&MID($B567,13+6*H$1,2)) -> 0 | I567: =HEX2DEC(MID($B567,10+6*I$1,2)&MID($B567,13+6*I$1,2)) -> 0 | J567: =HEX2DEC(MID($B567,10+6*J$1,2)&MID($B567,13+6*J$1,2)) -> 2112 | K567: =HEX2DEC(MID($B567,10+6*K$1,2)&MID($B567,13+6*K$1,2)) -> 18574 | L567: =HEX2DEC(MID($B567,10+6*L$1,2)&MID($B567,13+6*L$1,2))/10 -> 1875.2 | M567: =HEX2DEC(MID($B567,10+6*M$1,2)&MID($B567,13+6*M$1,2)) -> 0 | N567: =(HEX2DEC(MID($B567,10+6*N$1,2)&MID($B567,13+6*N$1,2))-65536)/10 -> -158.7 | O567: =HEX2DEC(MID($B567,10+6*O$1,2)&MID($B567,13+6*O$1,2)) -> 0 | P567: =HEX2DEC(MID($B567,10+6*P$1,2)&MID($B567,13+6*P$1,2)) -> 23450 | Q567: =HEX2DEC(MID($B567,10+6*Q$1,2)&MID($B567,13+6*Q$1,2)) -> 0 | R567: =HEX2DEC(MID($B567,10+6*R$1,2)&MID($B567,13+6*R$1,2)) -> 0 | S567: =VLOOKUP(J567,设备状态表!$D$3:$E$14,2,0) -> 向下运动到固定点监测
A568: [18:43:32.282]收← | B568: 01 03 20 54 09 00 00 C1 FB 00 00 11 1F 00 00 00 00 08 40 48 8E 49 A0 00 00 F9 CD 00 00 5B 9A 00 00 00 00 05 51 | C568: =HEX2DEC(MID(B568,10,2)&MID(B568,13,2)) -> 21513 | D568: =HEX2DEC(MID($B568,10+6*D$1,2)&MID($B568,13+6*D$1,2)) -> 0 | E568: =(HEX2DEC(MID($B568,10+6*E$1,2)&MID($B568,13+6*E$1,2))-65536)/100 -> -158.77 | F568: =HEX2DEC(MID($B568,10+6*F$1,2)&MID($B568,13+6*F$1,2)) -> 0 | G568: =HEX2DEC(MID($B568,10+6*G$1,2)&MID($B568,13+6*G$1,2))/10 -> 438.3 | H568: =HEX2DEC(MID($B568,10+6*H$1,2)&MID($B568,13+6*H$1,2)) -> 0 | I568: =HEX2DEC(MID($B568,10+6*I$1,2)&MID($B568,13+6*I$1,2)) -> 0 | J568: =HEX2DEC(MID($B568,10+6*J$1,2)&MID($B568,13+6*J$1,2)) -> 2112 | K568: =HEX2DEC(MID($B568,10+6*K$1,2)&MID($B568,13+6*K$1,2)) -> 18574 | L568: =HEX2DEC(MID($B568,10+6*L$1,2)&MID($B568,13+6*L$1,2))/10 -> 1884.8 | M568: =HEX2DEC(MID($B568,10+6*M$1,2)&MID($B568,13+6*M$1,2)) -> 0 | N568: =(HEX2DEC(MID($B568,10+6*N$1,2)&MID($B568,13+6*N$1,2))-65536)/10 -> -158.7 | O568: =HEX2DEC(MID($B568,10+6*O$1,2)&MID($B568,13+6*O$1,2)) -> 0 | P568: =HEX2DEC(MID($B568,10+6*P$1,2)&MID($B568,13+6*P$1,2)) -> 23450 | Q568: =HEX2DEC(MID($B568,10+6*Q$1,2)&MID($B568,13+6*Q$1,2)) -> 0 | R568: =HEX2DEC(MID($B568,10+6*R$1,2)&MID($B568,13+6*R$1,2)) -> 0 | S568: =VLOOKUP(J568,设备状态表!$D$3:$E$14,2,0) -> 向下运动到固定点监测
... A585: [18:44:28.306]收← | B585: 01 03 20 4C 9F 00 00 C1 FC 00 00 11 1F 00 00 00 00 08 40 48 8E 48 A0 00 00 F9 CD 00 00 5B 9A 00 00 00 00 96 3E | C585: =HEX2DEC(MID(B585,10,2)&MID(B585,13,2)) -> 19615 | D585: =HEX2DEC(MID($B585,10+6*D$1,2)&MID($B585,13+6*D$1,2)) -> 0 | E585: =(HEX2DEC(MID($B585,10+6*E$1,2)&MID($B585,13+6*E$1,2))-65536)/100 -> -158.76 | F585: =HEX2DEC(MID($B585,10+6*F$1,2)&MID($B585,13+6*F$1,2)) -> 0 | G585: =HEX2DEC(MID($B585,10+6*G$1,2)&MID($B585,13+6*G$1,2))/10 -> 438.3 | H585: =HEX2DEC(MID($B585,10+6*H$1,2)&MID($B585,13+6*H$1,2)) -> 0 | I585: =HEX2DEC(MID($B585,10+6*I$1,2)&MID($B585,13+6*I$1,2)) -> 0 | J585: =HEX2DEC(MID($B585,10+6*J$1,2)&MID($B585,13+6*J$1,2)) -> 2112 | K585: =HEX2DEC(MID($B585,10+6*K$1,2)&MID($B585,13+6*K$1,2)) -> 18574 | L585: =HEX2DEC(MID($B585,10+6*L$1,2)&MID($B585,13+6*L$1,2))/10 -> 1859.2 | M585: =HEX2DEC(MID($B585,10+6*M$1,2)&MID($B585,13+6*M$1,2)) -> 0 | N585: =(HEX2DEC(MID($B585,10+6*N$1,2)&MID($B585,13+6*N$1,2))-65536)/10 -> -158.7 | O585: =HEX2DEC(MID($B585,10+6*O$1,2)&MID($B585,13+6*O$1,2)) -> 0 | P585: =HEX2DEC(MID($B585,10+6*P$1,2)&MID($B585,13+6*P$1,2)) -> 23450 | Q585: =HEX2DEC(MID($B585,10+6*Q$1,2)&MID($B585,13+6*Q$1,2)) -> 0 | R585: =HEX2DEC(MID($B585,10+6*R$1,2)&MID($B585,13+6*R$1,2)) -> 0 | S585: =VLOOKUP(J585,设备状态表!$D$3:$E$14,2,0) -> 向下运动到固定点监测

Sheet 28分布测量与参数下发原始数据
A2: [09:58:14.532]收← | B2: 01 03 20 01 F2 00 00 C1 FE 00 00 11 1C 00 00 00 00 00 44 48 8E 42 A0 00 00 F9 CD 00 00 5A BF 00 00 00 00 C8 ED | C2: =MID(B2,1,9) -> 01 03 20
A3: [09:58:16.149]收← | B3: 04 03 00 C8 00 11 04 6D | C3: =MID(B3,1,9) -> 04 03 00
A4: [09:58:16.478]收← | B4: 04 03 22 46 B6 64 00 3F 80 00 00 3F 80 00 00 3F 80 00 00 00 00 00 00 00 00 10 06 00 00 00 00 00 00 00 00 00 00 0C A3 | C4: =MID(B4,1,9) -> 04 03 22
A5: [09:58:16.618]收← | B5: 03 03 00 1E 00 05 E4 2D | C5: =MID(B5,1,9) -> 03 03 00
A6: [09:58:16.706]收← | B6: 03 03 0A 31 37 30 39 31 38 30 38 32 31 55 75 | C6: =MID(B6,1,9) -> 03 03 0A
A7: [09:58:16.865]收← | B7: 03 03 00 C8 00 11 05 DA | C7: =MID(B7,1,9) -> 03 03 00
A8: [09:58:17.022]收← | B8: 03 03 22 46 B6 67 00 C4 C7 40 00 41 20 00 00 C4 C4 E5 55 00 00 00 00 00 00 10 00 00 00 00 00 00 00 00 00 00 00 7F F0 | C8: =MID(B8,1,9) -> 03 03 22
A9: [09:58:17.215]收← | B9: 03 03 00 C8 00 11 05 DA | C9: =MID(B9,1,9) -> 03 03 00
A10: [09:58:17.373]收← | B10: 03 03 22 46 B6 67 00 C4 C7 40 00 41 20 00 00 C4 C4 E5 55 00 00 00 00 00 00 10 00 00 00 00 00 00 00 00 00 00 00 7F F0 | C10: =MID(B10,1,9) -> 03 03 22
A11: [09:58:17.567]收← | B11: 03 03 00 C8 00 11 05 DA | C11: =MID(B11,1,9) -> 03 03 00
A12: [09:58:17.724]收← | B12: 03 03 22 46 B6 67 00 C4 C7 40 00 41 20 00 00 C4 C4 E5 55 00 00 00 00 00 00 10 00 00 00 00 00 00 00 00 00 00 00 7F F0 | C12: =MID(B12,1,9) -> 03 03 22
A13: [09:58:17.918]收← | B13: 02 03 00 C8 00 11 04 0B | C13: =MID(B13,1,9) -> 02 03 00
... A50: [09:58:28.737]收← | B50: 04 03 01 2C 00 21 45 B2 | C50: =MID(B50,1,9) -> 04 03 01
A51: [09:58:28.947]收← | B51: 4 | C51: =MID(B51,1,9) -> 4
A52: [09:58:29.111]收← | B52: 03 42 FF FF 3F 80 00 00 3F 80 00 00 3F 80 00 00 3F 80 00 00 3F 80 00 00 3F 80 00 00 3F 80 00 00 | C52: =MID(B52,1,9) -> 03 42 FF
A53: [09:58:29.264]收← | B53: 3F 80 00 00 3F 80 00 00 3F 80 00 00 3F 80 00 00 3F 80 00 00 3F 80 00 00 3F 80 00 00 3F 80 00 00 3F 80 00 00 3F 80 | C53: =MID(B53,1,9) -> 3F 80 00
A54: [09:58:29.419]收← | B54: 04 03 01 54 00 21 C5 AB | C54: =MID(B54,1,9) -> 04 03 01
A55: [09:58:29.857]收← | B55: 04 03 42 FF FF 3F 80 00 00 3F 80 00 00 3F 80 00 00 3F 80 00 00 3F 80 00 00 3F 80 00 00 3F 80 00 | C55: =MID(B55,1,9) -> 04 03 42
A56: [09:58:29.908]收← | B56: 00 3F 80 00 00 3F 80 00 00 3F 80 00 00 3F 80 00 00 3F 80 00 | C56: =MID(B56,1,9) -> 00 3F 80
A57: [09:58:30.053]收← | B57: 00 3F 80 00 00 3F 80 00 00 3F 80 00 00 3F 80 00 00 3F 80 | C57: =MID(B57,1,9) -> 00 3F 80
A58: [09:58:30.158]收← | B58: 04 03 01 75 00 21 95 A1 | C58: =MID(B58,1,9) -> 04 03 01
A59: [09:58:30.547]收← | B59: 04 03 42 FF FF 3F 80 00 00 3F 80 00 00 3F 80 00 00 3F 80 00 00 3F 80 00 00 3F 80 00 00 3F 80 00 | C59: =MID(B59,1,9) -> 04 03 42
A60: [09:58:30.704]收← | B60: 00 3F 80 00 00 3F 80 00 00 3F 80 00 00 3F 80 00 00 3F 80 00 00 3F 80 00 00 3F 80 00 00 3F 80 00 00 3F 80 00 00 3F 80 | C60: =MID(B60,1,9) -> 00 3F 80
A61: [09:58:30.856]收← | B61: 04 03 01 9A 00 21 A4 54 | C61: =MID(B61,1,9) -> 04 03 01
A62: [09:58:31.323]收← | B62: 04 03 42 FF FF 3F 80 00 00 3F 80 00 00 3F 80 00 00 3F 80 00 00 3F 80 00 00 3F 80 00 00 3F 80 00 | C62: =MID(B62,1,9) -> 04 03 42
A63: [09:58:31.446]收← | B63: 00 3F 80 00 00 3F 80 00 00 3F 80 00 00 3F 80 00 00 3F 80 00 00 3F 80 00 | C63: =MID(B63,1,9) -> 00 3F 80
... A468: [10:00:17.402]收← | B468: 04 03 00 C8 00 11 04 6D | C468: =MID(B468,1,9) -> 04 03 00
A469: [10:00:17.568]收← | B469: 4 | C469: =MID(B469,1,9) -> 4
A470: [10:00:17.737]收← | B470: 03 22 46 B6 64 00 3F 80 00 00 3F 80 00 00 3F 80 00 00 00 00 00 00 00 00 10 06 00 00 00 00 00 00 00 00 00 00 0C A3 | C470: =MID(B470,1,9) -> 03 22 46
A471: [10:00:17.868]收← | B471: 03 03 00 1E 00 05 E4 2D | C471: =MID(B471,1,9) -> 03 03 00
A472: [10:00:17.963]收← | B472: 03 03 0A 31 37 30 39 31 38 30 38 32 31 55 75 | C472: =MID(B472,1,9) -> 03 03 0A
A473: [10:00:18.080]收← | B473: 02 03 00 C8 00 11 04 0B | C473: =MID(B473,1,9) -> 02 03 00
A474: [10:00:18.281]收← | B474: 02 03 22 46 B6 4E 00 C4 C7 20 00 41 30 00 00 C4 C4 C0 00 00 00 00 00 00 00 10 00 | C474: =MID(B474,1,9) -> 02 03 22
A475: [10:00:18.401]收← | B475: 00 00 00 00 00 00 00 00 00 00 96 CB | C475: =MID(B475,1,9) -> 00 00 00
A476: [10:00:18.506]收← | B476: 01 03 00 00 00 10 44 06 | C476: =MID(B476,1,9) -> 01 03 00
A477: [10:00:18.686]收← | B477: 01 03 20 09 5D 00 00 C2 01 00 00 11 1D 00 00 00 00 0C 60 48 8E 43 60 00 00 F9 CD 00 00 5A BF 00 00 00 00 ED FF | C477: =MID(B477,1,9) -> 01 03 20
A478: [10:00:20.405]收← | B478: 04 03 00 C8 00 11 04 6D | C478: =MID(B478,1,9) -> 04 03 00
A479: [10:00:20.709]收← | B479: 04 03 22 46 B6 64 00 3F 80 00 00 3F 80 00 00 3F 80 00 00 00 00 00 00 00 00 10 06 00 00 00 00 00 00 00 00 00 00 0C A3 | C479: =MID(B479,1,9) -> 04 03 22
A480: [10:00:20.861]收← | B480: 03 03 00 1E 00 05 E4 2D | C480: =MID(B480,1,9) -> 03 03 00
A481: [10:00:20.936]收← | B481: 03 03 0A 31 37 30 39 31 38 30 38 32 31 55 75 | C481: =MID(B481,1,9) -> 03 03 0A
... A546: [10:00:42.200]收← | B546: 02 03 00 C8 00 11 04 0B | C546: =MID(B546,1,9) -> 02 03 00
A547: [10:00:42.364]收← | B547: 2 | C547: =MID(B547,1,9) -> 2
A548: [10:00:42.511]收← | B548: 03 22 46 B6 4E 00 C4 C7 20 00 41 30 00 00 C4 C4 C0 00 00 00 00 00 00 00 10 00 00 00 00 00 00 00 00 00 00 00 96 CB | C548: =MID(B548,1,9) -> 03 22 46
A549: [10:00:42.651]收← | B549: 01 03 00 00 00 10 44 06 | C549: =MID(B549,1,9) -> 01 03 00
A550: [10:00:42.826]收← | B550: 01 03 20 0C 94 00 00 C2 01 00 00 11 1C 00 00 00 00 0C 60 48 8E 42 A0 00 00 F9 CD 00 00 5A BF 00 00 00 00 32 57 | C550: =MID(B550,1,9) -> 01 03 20
A551: [10:00:44.405]收← | B551: 04 03 00 C8 00 11 04 6D | C551: =MID(B551,1,9) -> 04 03 00
A552: [10:00:44.846]收← | B552: 04 03 22 46 B6 64 00 3F 80 00 00 3F 80 00 00 3F 80 00 00 00 00 00 00 00 00 10 06 00 00 00 00 00 00 00 00 00 00 0C A3 | C552: =MID(B552,1,9) -> 04 03 22
A553: [10:00:44.995]收← | B553: 04 03 01 2C 00 21 45 B2 | C553: =MID(B553,1,9) -> 04 03 01
A554: [10:00:45.363]收← | B554: 04 03 42 FF FF 3F 80 00 00 3F 80 00 00 3F 80 00 00 3F 80 00 00 3F 80 00 00 3F 80 00 00 3F 80 00 | C554: =MID(B554,1,9) -> 04 03 42
A555: [10:00:45.527]收← | B555: 00 3F 80 00 00 3F 80 00 00 3F 80 00 00 3F 80 00 00 3F 80 00 00 3F 80 00 00 3F 80 00 00 3F 80 00 00 3F 80 00 00 3F 80 | C555: =MID(B555,1,9) -> 00 3F 80
A556: [10:00:45.673]收← | B556: 04 03 01 54 00 21 C5 AB | C556: =MID(B556,1,9) -> 04 03 01
A557: [10:00:46.081]收← | B557: 04 03 42 FF FF 3F 80 00 00 3F 80 00 00 3F 80 00 00 3F 80 00 00 3F 80 00 00 3F 80 00 00 3F 80 00 | C557: =MID(B557,1,9) -> 04 03 42
A558: [10:00:46.250]收← | B558: 00 3F 80 00 00 3F 80 00 00 3F 80 00 00 3F 80 00 00 3F 80 00 00 3F 80 00 00 3F 80 00 00 3F 80 00 00 3F 80 00 00 3F 80 | C558: =MID(B558,1,9) -> 00 3F 80
A559: [10:00:46.397]收← | B559: 04 03 01 75 00 21 95 A1 | C559: =MID(B559,1,9) -> 04 03 01
... A575: [10:00:49.157]收← | B575: 02 03 01 54 00 21 C5 CD | C575: =MID(B575,1,9) -> 02 03 01
A576: [10:00:49.319]收← | B576: 2 | C576: =MID(B576,1,9) -> 2
A577: [10:00:49.377]收← | B577: 03 42 FF FF 3F 80 00 00 3F 80 00 00 | C577: =MID(B577,1,9) -> 03 42 FF
A578: [10:00:49.513]收← | B578: 3F 80 00 00 3F 80 00 00 3F 80 00 00 3F 80 00 00 3F 80 00 00 3F 80 00 00 3F 80 00 00 | C578: =MID(B578,1,9) -> 3F 80 00
A579: [10:00:49.568]收← | B579: 3F 80 00 00 3F 80 00 00 3F 80 00 00 | C579: =MID(B579,1,9) -> 3F 80 00
A580: [10:00:49.633]收← | B580: 3F 80 00 00 3F 80 00 00 3F 80 00 00 3F 80 00 00 1D E6 | C580: =MID(B580,1,9) -> 3F 80 00
A581: [10:00:49.765]收← | B581: 02 03 01 75 00 21 95 C7 | C581: =MID(B581,1,9) -> 02 03 01
A582: [10:00:50.004]收← | B582: 02 03 42 FF FF 3F 80 00 00 3F 80 00 00 | C582: =MID(B582,1,9) -> 02 03 42
A583: [10:00:50.063]收← | B583: 3F 80 00 00 3F 80 00 00 3F 80 00 00 | C583: =MID(B583,1,9) -> 3F 80 00
A584: [10:00:50.182]收← | B584: 3F 80 00 00 3F 80 00 00 3F 80 00 00 3F 80 00 00 3F 80 00 00 3F 80 00 00 3F | C584: =MID(B584,1,9) -> 3F 80 00
A585: [10:00:50.284]收← | B585: 80 00 00 3F 80 00 00 3F 80 00 00 3F 80 00 00 3F 80 00 00 1D E6 | C585: =MID(B585,1,9) -> 80 00 00
A586: [10:00:50.382]收← | B586: 02 03 01 9A 00 21 A4 32 | C586: =MID(B586,1,9) -> 02 03 01
A587: [10:00:50.634]收← | B587: 02 03 42 FF FF 3F 80 00 00 3F 80 00 00 3F 80 00 00 3F 80 00 00 3F 80 00 00 | C587: =MID(B587,1,9) -> 02 03 42
A588: [10:00:50.752]收← | B588: 3F 80 00 00 3F 80 00 00 3F 80 00 00 | C588: =MID(B588,1,9) -> 3F 80 00
... A764: [10:01:35.128]收← | B764: 02 03 00 C8 00 11 04 0B | C764: =MID(B764,1,9) -> 02 03 00
A765: [10:01:35.307]收← | B765: 2 | C765: =MID(B765,1,9) -> 2
A766: [10:01:35.376]收← | B766: 03 22 46 B6 4E 00 C4 C7 20 00 41 30 00 | C766: =MID(B766,1,9) -> 03 22 46
A767: [10:01:35.439]收← | B767: 00 C4 C5 00 00 00 00 00 00 00 00 10 00 00 00 00 00 00 00 00 00 00 00 97 0B | C767: =MID(B767,1,9) -> 00 C4 C5
A768: [10:01:35.604]收← | B768: 01 03 00 00 00 10 44 06 | C768: =MID(B768,1,9) -> 01 03 00
A769: [10:01:35.797]收← | B769: 01 03 20 13 B2 00 00 C1 FF 00 00 11 1D 00 00 00 00 0C 60 48 8E 43 80 00 00 F9 CD 00 00 5A BF 00 00 00 00 14 36 | C769: =MID(B769,1,9) -> 01 03 20
A770: [10:01:37.333]收← | B770: 04 03 00 C8 00 11 04 6D | C770: =MID(B770,1,9) -> 04 03 00
A771: [10:01:37.522]收← | B771: 04 03 22 46 B6 64 00 3F 80 00 00 | C771: =MID(B771,1,9) -> 04 03 22
A772: [10:01:37.706]收← | B772: 3F 80 00 00 3F 80 00 00 00 00 00 00 00 00 10 06 00 00 00 00 00 00 00 00 00 00 0C A3 | C772: =MID(B772,1,9) -> 3F 80 00
A773: [10:01:37.816]收← | B773: 03 03 00 1E 00 05 E4 2D | C773: =MID(B773,1,9) -> 03 03 00
A774: [10:01:37.901]收← | B774: 03 03 0A 31 37 30 39 31 38 30 38 32 31 55 75 | C774: =MID(B774,1,9) -> 03 03 0A
A775: [10:01:38.061]收← | B775: 02 03 00 C8 00 11 04 0B | C775: =MID(B775,1,9) -> 02 03 00
A776: [10:01:38.336]收← | B776: 02 03 22 46 B6 4E 00 C4 C7 20 00 41 30 00 00 C4 C5 00 00 00 00 00 00 00 00 10 00 00 00 00 00 00 00 00 00 00 00 97 0B | C776: =MID(B776,1,9) -> 02 03 22
A777: [10:01:38.510]收← | B777: 01 03 00 00 00 10 44 06 | C777: =MID(B777,1,9) -> 01 03 00
... A972: [10:02:31.216]收← | B972: 02 03 01 54 00 21 C5 CD | C972: =MID(B972,1,9) -> 02 03 01
A973: [10:02:31.399]收← | B973: 2 | C973: =MID(B973,1,9) -> 2
A974: [10:02:31.545]收← | B974: 03 42 FF FF 3F 80 00 00 3F 80 00 00 3F 80 00 00 3F 80 00 00 3F 80 00 00 3F 80 00 00 3F 80 00 00 3F 80 00 00 3F 80 00 00 3F 80 00 00 3F 80 00 00 3F | C974: =MID(B974,1,9) -> 03 42 FF
A975: [10:02:31.693]收← | B975: 80 00 00 3F 80 00 00 3F 80 00 00 3F 80 00 00 3F 80 00 00 1D E6 | C975: =MID(B975,1,9) -> 80 00 00
A976: [10:02:31.845]收← | B976: 02 03 01 75 00 21 95 C7 | C976: =MID(B976,1,9) -> 02 03 01
A977: [10:02:32.122]收← | B977: 02 03 42 FF FF 3F 80 00 00 3F 80 00 00 3F 80 00 00 3F 80 00 00 3F 80 00 00 | C977: =MID(B977,1,9) -> 02 03 42
A978: [10:02:32.182]收← | B978: 3F 80 00 00 3F 80 00 00 3F 80 00 00 | C978: =MID(B978,1,9) -> 3F 80 00
A979: [10:02:32.240]收← | B979: 3F 80 00 00 3F 80 00 00 3F 80 00 00 | C979: =MID(B979,1,9) -> 3F 80 00
A980: [10:02:32.300]收← | B980: 3F 80 00 00 3F 80 00 00 3F 80 00 00 3F 80 00 00 3F 80 00 00 1D E6 | C980: =MID(B980,1,9) -> 3F 80 00
A981: [10:02:32.454]收← | B981: 02 03 01 9A 00 21 A4 32 | C981: =MID(B981,1,9) -> 02 03 01
A982: [10:02:32.757]收← | B982: 02 03 42 FF FF 3F 80 00 00 3F 80 00 00 3F 80 00 00 3F 80 00 00 3F 80 00 00 3F 80 00 00 3F 80 00 | C982: =MID(B982,1,9) -> 02 03 42
A983: [10:02:32.821]收← | B983: 00 3F 80 00 00 3F 80 00 00 3F 80 00 00 3F | C983: =MID(B983,1,9) -> 00 3F 80
A984: [10:02:32.888]收← | B984: 80 00 00 3F 80 00 00 3F 80 00 00 3F | C984: =MID(B984,1,9) -> 80 00 00
A985: [10:02:32.936]收← | B985: 80 00 00 3F 80 00 00 3F 80 00 00 1D E6 | C985: =MID(B985,1,9) -> 80 00 00
... A1120: [10:03:06.510]收← | B1120: 02 03 01 9A 00 21 A4 32 | C1120: =MID(B1120,1,9) -> 02 03 01
A1121: [10:03:06.664]收← | B1121: 2 | C1121: =MID(B1121,1,9) -> 2
A1122: [10:03:06.793]收← | B1122: 03 42 FF FF 3F 80 00 00 3F 80 00 00 3F 80 00 00 3F 80 00 00 3F 80 00 00 3F | C1122: =MID(B1122,1,9) -> 03 42 FF
A1123: [10:03:06.935]收← | B1123: 80 00 00 3F 80 00 00 3F 80 00 00 3F 80 00 00 3F 80 00 00 3F 80 00 00 3F 80 00 00 3F 80 | C1123: =MID(B1123,1,9) -> 80 00 00
...

Sheet 28早上分布测量与参数下发
C1: 0 | D1: 1 | E1: 2 | F1: 3 | G1: 4 | H1: 5 | I1: 6 | J1: 7 | K1: 8 | L1: 9 | M1: 10 | N1: 11 | O1: 12 | P1: 13 | Q1: 14 | R1: 15
A2: [09:58:14.532]收← | B2: 01 03 20 01 F2 00 00 C1 FE 00 00 11 1C 00 00 00 00 00 44 48 8E 42 A0 00 00 F9 CD 00 00 5A BF 00 00 00 00 C8 ED | C2: 浮子位置 | D2: 浮子状态 | E2: 温度 | F2: 温度状态 | G2: 密度值 | H2: 密度状态 | I2: 下发指令 | J2: 设备工作状态 | K2: （幅值） | L2: 频率值 | M2: 未知状态位 | N2: 温度 | O2: 温度状态 | P2: 液位值 | Q2: 液位状态 | R2: 位置 | S2: 状态解析
A3: [09:58:18.566]收← | B3: 01 03 20 01 F2 00 00 C1 FF 00 00 11 1C 00 00 00 00 00 44 48 8E 42 80 00 00 F9 CD 00 00 5A BF 00 00 00 00 49 0F | C3: =HEX2DEC(MID($B3,10+6*C1,2)&MID($B3,13+6*C1,2)) -> 498 | D3: =HEX2DEC(MID($B3,10+6*D$1,2)&MID($B3,13+6*D$1,2)) -> 0 | E3: =(HEX2DEC(MID($B3,10+6*E$1,2)&MID($B3,13+6*E$1,2))-65536)/100 -> -158.73 | F3: =HEX2DEC(MID($B3,10+6*F$1,2)&MID($B3,13+6*F$1,2)) -> 0 | G3: =HEX2DEC(MID($B3,10+6*G$1,2)&MID($B3,13+6*G$1,2))/10 -> 438 | H3: =HEX2DEC(MID($B3,10+6*H$1,2)&MID($B3,13+6*H$1,2)) -> 0 | I3: =HEX2DEC(MID($B3,10+6*I$1,2)&MID($B3,13+6*I$1,2)) -> 0 | J3: =HEX2DEC(MID($B3,10+6*J$1,2)&MID($B3,13+6*J$1,2)) -> 68 | K3: =HEX2DEC(MID($B3,10+6*K$1,2)&MID($B3,13+6*K$1,2)) -> 18574 | L3: =HEX2DEC(MID($B3,10+6*L$1,2)&MID($B3,13+6*L$1,2))/10 -> 1702.4 | M3: =HEX2DEC(MID($B3,10+6*M$1,2)&MID($B3,13+6*M$1,2)) -> 0 | N3: =(HEX2DEC(MID($B3,10+6*N$1,2)&MID($B3,13+6*N$1,2))-65536)/10 -> -158.7 | O3: =HEX2DEC(MID($B3,10+6*O$1,2)&MID($B3,13+6*O$1,2)) -> 0 | P3: =HEX2DEC(MID($B3,10+6*P$1,2)&MID($B3,13+6*P$1,2)) -> 23231 | Q3: =HEX2DEC(MID($B3,10+6*Q$1,2)&MID($B3,13+6*Q$1,2)) -> 0 | R3: =HEX2DEC(MID($B3,10+6*R$1,2)&MID($B3,13+6*R$1,2)) -> 0 | S3: =VLOOKUP(J3,设备状态表!$D$3:$E$14,2,0) -> 固定点监测中
A4: [09:58:20.589]收← | B4: 01 03 20 01 F2 00 00 C1 FE 00 00 11 1C 00 00 00 00 00 44 48 8E 42 C0 00 00 F9 CD 00 00 5A BF 00 00 00 00 49 4D | C4: =HEX2DEC(MID(B4,10,2)&MID(B4,13,2)) -> 498 | D4: =HEX2DEC(MID($B4,10+6*D$1,2)&MID($B4,13+6*D$1,2)) -> 0 | E4: =(HEX2DEC(MID($B4,10+6*E$1,2)&MID($B4,13+6*E$1,2))-65536)/100 -> -158.74 | F4: =HEX2DEC(MID($B4,10+6*F$1,2)&MID($B4,13+6*F$1,2)) -> 0 | G4: =HEX2DEC(MID($B4,10+6*G$1,2)&MID($B4,13+6*G$1,2))/10 -> 438 | H4: =HEX2DEC(MID($B4,10+6*H$1,2)&MID($B4,13+6*H$1,2)) -> 0 | I4: =HEX2DEC(MID($B4,10+6*I$1,2)&MID($B4,13+6*I$1,2)) -> 0 | J4: =HEX2DEC(MID($B4,10+6*J$1,2)&MID($B4,13+6*J$1,2)) -> 68 | K4: =HEX2DEC(MID($B4,10+6*K$1,2)&MID($B4,13+6*K$1,2)) -> 18574 | L4: =HEX2DEC(MID($B4,10+6*L$1,2)&MID($B4,13+6*L$1,2))/10 -> 1708.8 | M4: =HEX2DEC(MID($B4,10+6*M$1,2)&MID($B4,13+6*M$1,2)) -> 0 | N4: =(HEX2DEC(MID($B4,10+6*N$1,2)&MID($B4,13+6*N$1,2))-65536)/10 -> -158.7 | O4: =HEX2DEC(MID($B4,10+6*O$1,2)&MID($B4,13+6*O$1,2)) -> 0 | P4: =HEX2DEC(MID($B4,10+6*P$1,2)&MID($B4,13+6*P$1,2)) -> 23231 | Q4: =HEX2DEC(MID($B4,10+6*Q$1,2)&MID($B4,13+6*Q$1,2)) -> 0 | R4: =HEX2DEC(MID($B4,10+6*R$1,2)&MID($B4,13+6*R$1,2)) -> 0 | S4: =VLOOKUP(J4,设备状态表!$D$3:$E$14,2,0) -> 固定点监测中
A5: [09:58:23.554]收← | B5: 01 03 20 01 F2 00 00 C1 FF 00 00 11 1C 00 00 00 00 00 44 48 8E 42 A0 00 00 F9 CD 00 00 5A BF 00 00 00 00 36 6F | C5: =HEX2DEC(MID(B5,10,2)&MID(B5,13,2)) -> 498 | D5: =HEX2DEC(MID($B5,10+6*D$1,2)&MID($B5,13+6*D$1,2)) -> 0 | E5: =(HEX2DEC(MID($B5,10+6*E$1,2)&MID($B5,13+6*E$1,2))-65536)/100 -> -158.73 | F5: =HEX2DEC(MID($B5,10+6*F$1,2)&MID($B5,13+6*F$1,2)) -> 0 | G5: =HEX2DEC(MID($B5,10+6*G$1,2)&MID($B5,13+6*G$1,2))/10 -> 438 | H5: =HEX2DEC(MID($B5,10+6*H$1,2)&MID($B5,13+6*H$1,2)) -> 0 | I5: =HEX2DEC(MID($B5,10+6*I$1,2)&MID($B5,13+6*I$1,2)) -> 0 | J5: =HEX2DEC(MID($B5,10+6*J$1,2)&MID($B5,13+6*J$1,2)) -> 68 | K5: =HEX2DEC(MID($B5,10+6*K$1,2)&MID($B5,13+6*K$1,2)) -> 18574 | L5: =HEX2DEC(MID($B5,10+6*L$1,2)&MID($B5,13+6*L$1,2))/10 -> 1705.6 | M5: =HEX2DEC(MID($B5,10+6*M$1,2)&MID($B5,13+6*M$1,2)) -> 0 | N5: =(HEX2DEC(MID($B5,10+6*N$1,2)&MID($B5,13+6*N$1,2))-65536)/10 -> -158.7 | O5: =HEX2DEC(MID($B5,10+6*O$1,2)&MID($B5,13+6*O$1,2)) -> 0 | P5: =HEX2DEC(MID($B5,10+6*P$1,2)&MID($B5,13+6*P$1,2)) -> 23231 | Q5: =HEX2DEC(MID($B5,10+6*Q$1,2)&MID($B5,13+6*Q$1,2)) -> 0 | R5: =HEX2DEC(MID($B5,10+6*R$1,2)&MID($B5,13+6*R$1,2)) -> 0 | S5: =VLOOKUP(J5,设备状态表!$D$3:$E$14,2,0) -> 固定点监测中
A6: [09:58:26.516]收← | B6: 01 03 20 01 F2 00 00 C1 FF 00 00 11 1C 00 00 00 00 00 44 48 8E 42 C0 00 00 F9 CD 00 00 5A BF 00 00 00 00 B7 CF | C6: =HEX2DEC(MID(B6,10,2)&MID(B6,13,2)) -> 498 | D6: =HEX2DEC(MID($B6,10+6*D$1,2)&MID($B6,13+6*D$1,2)) -> 0 | E6: =(HEX2DEC(MID($B6,10+6*E$1,2)&MID($B6,13+6*E$1,2))-65536)/100 -> -158.73 | F6: =HEX2DEC(MID($B6,10+6*F$1,2)&MID($B6,13+6*F$1,2)) -> 0 | G6: =HEX2DEC(MID($B6,10+6*G$1,2)&MID($B6,13+6*G$1,2))/10 -> 438 | H6: =HEX2DEC(MID($B6,10+6*H$1,2)&MID($B6,13+6*H$1,2)) -> 0 | I6: =HEX2DEC(MID($B6,10+6*I$1,2)&MID($B6,13+6*I$1,2)) -> 0 | J6: =HEX2DEC(MID($B6,10+6*J$1,2)&MID($B6,13+6*J$1,2)) -> 68 | K6: =HEX2DEC(MID($B6,10+6*K$1,2)&MID($B6,13+6*K$1,2)) -> 18574 | L6: =HEX2DEC(MID($B6,10+6*L$1,2)&MID($B6,13+6*L$1,2))/10 -> 1708.8 | M6: =HEX2DEC(MID($B6,10+6*M$1,2)&MID($B6,13+6*M$1,2)) -> 0 | N6: =(HEX2DEC(MID($B6,10+6*N$1,2)&MID($B6,13+6*N$1,2))-65536)/10 -> -158.7 | O6: =HEX2DEC(MID($B6,10+6*O$1,2)&MID($B6,13+6*O$1,2)) -> 0 | P6: =HEX2DEC(MID($B6,10+6*P$1,2)&MID($B6,13+6*P$1,2)) -> 23231 | Q6: =HEX2DEC(MID($B6,10+6*Q$1,2)&MID($B6,13+6*Q$1,2)) -> 0 | R6: =HEX2DEC(MID($B6,10+6*R$1,2)&MID($B6,13+6*R$1,2)) -> 0 | S6: =VLOOKUP(J6,设备状态表!$D$3:$E$14,2,0) -> 固定点监测中
A7: [09:58:34.947]收← | B7: 01 03 20 01 F2 00 00 C1 FF 00 00 11 1C 00 00 00 00 00 44 48 8E 42 80 00 00 F9 CD 00 00 5A BF 00 00 00 00 49 0F | C7: =HEX2DEC(MID(B7,10,2)&MID(B7,13,2)) -> 498 | D7: =HEX2DEC(MID($B7,10+6*D$1,2)&MID($B7,13+6*D$1,2)) -> 0 | E7: =(HEX2DEC(MID($B7,10+6*E$1,2)&MID($B7,13+6*E$1,2))-65536)/100 -> -158.73 | F7: =HEX2DEC(MID($B7,10+6*F$1,2)&MID($B7,13+6*F$1,2)) -> 0 | G7: =HEX2DEC(MID($B7,10+6*G$1,2)&MID($B7,13+6*G$1,2))/10 -> 438 | H7: =HEX2DEC(MID($B7,10+6*H$1,2)&MID($B7,13+6*H$1,2)) -> 0 | I7: =HEX2DEC(MID($B7,10+6*I$1,2)&MID($B7,13+6*I$1,2)) -> 0 | J7: =HEX2DEC(MID($B7,10+6*J$1,2)&MID($B7,13+6*J$1,2)) -> 68 | K7: =HEX2DEC(MID($B7,10+6*K$1,2)&MID($B7,13+6*K$1,2)) -> 18574 | L7: =HEX2DEC(MID($B7,10+6*L$1,2)&MID($B7,13+6*L$1,2))/10 -> 1702.4 | M7: =HEX2DEC(MID($B7,10+6*M$1,2)&MID($B7,13+6*M$1,2)) -> 0 | N7: =(HEX2DEC(MID($B7,10+6*N$1,2)&MID($B7,13+6*N$1,2))-65536)/10 -> -158.7 | O7: =HEX2DEC(MID($B7,10+6*O$1,2)&MID($B7,13+6*O$1,2)) -> 0 | P7: =HEX2DEC(MID($B7,10+6*P$1,2)&MID($B7,13+6*P$1,2)) -> 23231 | Q7: =HEX2DEC(MID($B7,10+6*Q$1,2)&MID($B7,13+6*Q$1,2)) -> 0 | R7: =HEX2DEC(MID($B7,10+6*R$1,2)&MID($B7,13+6*R$1,2)) -> 0 | S7: =VLOOKUP(J7,设备状态表!$D$3:$E$14,2,0) -> 固定点监测中
A8: [09:58:36.572]收← | B8: 01 03 20 01 F2 00 00 C1 FF 00 00 11 1C 00 00 00 00 00 44 48 8E 42 80 00 00 F9 CD 00 00 5A BF 00 00 00 00 49 0F | C8: =HEX2DEC(MID(B8,10,2)&MID(B8,13,2)) -> 498 | D8: =HEX2DEC(MID($B8,10+6*D$1,2)&MID($B8,13+6*D$1,2)) -> 0 | E8: =(HEX2DEC(MID($B8,10+6*E$1,2)&MID($B8,13+6*E$1,2))-65536)/100 -> -158.73 | F8: =HEX2DEC(MID($B8,10+6*F$1,2)&MID($B8,13+6*F$1,2)) -> 0 | G8: =HEX2DEC(MID($B8,10+6*G$1,2)&MID($B8,13+6*G$1,2))/10 -> 438 | H8: =HEX2DEC(MID($B8,10+6*H$1,2)&MID($B8,13+6*H$1,2)) -> 0 | I8: =HEX2DEC(MID($B8,10+6*I$1,2)&MID($B8,13+6*I$1,2)) -> 0 | J8: =HEX2DEC(MID($B8,10+6*J$1,2)&MID($B8,13+6*J$1,2)) -> 68 | K8: =HEX2DEC(MID($B8,10+6*K$1,2)&MID($B8,13+6*K$1,2)) -> 18574 | L8: =HEX2DEC(MID($B8,10+6*L$1,2)&MID($B8,13+6*L$1,2))/10 -> 1702.4 | M8: =HEX2DEC(MID($B8,10+6*M$1,2)&MID($B8,13+6*M$1,2)) -> 0 | N8: =(HEX2DEC(MID($B8,10+6*N$1,2)&MID($B8,13+6*N$1,2))-65536)/10 -> -158.7 | O8: =HEX2DEC(MID($B8,10+6*O$1,2)&MID($B8,13+6*O$1,2)) -> 0 | P8: =HEX2DEC(MID($B8,10+6*P$1,2)&MID($B8,13+6*P$1,2)) -> 23231 | Q8: =HEX2DEC(MID($B8,10+6*Q$1,2)&MID($B8,13+6*Q$1,2)) -> 0 | R8: =HEX2DEC(MID($B8,10+6*R$1,2)&MID($B8,13+6*R$1,2)) -> 0 | S8: =VLOOKUP(J8,设备状态表!$D$3:$E$14,2,0) -> 固定点监测中
A9: [09:58:39.521]收← | B9: 01 03 20 01 F2 00 00 C1 FF 00 00 11 1C 00 00 00 00 00 44 48 8E 42 80 00 00 F9 CD 00 00 5A BF 00 00 00 00 49 0F | C9: =HEX2DEC(MID(B9,10,2)&MID(B9,13,2)) -> 498 | D9: =HEX2DEC(MID($B9,10+6*D$1,2)&MID($B9,13+6*D$1,2)) -> 0 | E9: =(HEX2DEC(MID($B9,10+6*E$1,2)&MID($B9,13+6*E$1,2))-65536)/100 -> -158.73 | F9: =HEX2DEC(MID($B9,10+6*F$1,2)&MID($B9,13+6*F$1,2)) -> 0 | G9: =HEX2DEC(MID($B9,10+6*G$1,2)&MID($B9,13+6*G$1,2))/10 -> 438 | H9: =HEX2DEC(MID($B9,10+6*H$1,2)&MID($B9,13+6*H$1,2)) -> 0 | I9: =HEX2DEC(MID($B9,10+6*I$1,2)&MID($B9,13+6*I$1,2)) -> 0 | J9: =HEX2DEC(MID($B9,10+6*J$1,2)&MID($B9,13+6*J$1,2)) -> 68 | K9: =HEX2DEC(MID($B9,10+6*K$1,2)&MID($B9,13+6*K$1,2)) -> 18574 | L9: =HEX2DEC(MID($B9,10+6*L$1,2)&MID($B9,13+6*L$1,2))/10 -> 1702.4 | M9: =HEX2DEC(MID($B9,10+6*M$1,2)&MID($B9,13+6*M$1,2)) -> 0 | N9: =(HEX2DEC(MID($B9,10+6*N$1,2)&MID($B9,13+6*N$1,2))-65536)/10 -> -158.7 | O9: =HEX2DEC(MID($B9,10+6*O$1,2)&MID($B9,13+6*O$1,2)) -> 0 | P9: =HEX2DEC(MID($B9,10+6*P$1,2)&MID($B9,13+6*P$1,2)) -> 23231 | Q9: =HEX2DEC(MID($B9,10+6*Q$1,2)&MID($B9,13+6*Q$1,2)) -> 0 | R9: =HEX2DEC(MID($B9,10+6*R$1,2)&MID($B9,13+6*R$1,2)) -> 0 | S9: =VLOOKUP(J9,设备状态表!$D$3:$E$14,2,0) -> 固定点监测中
A10: [09:58:43.158]收← | B10: 01 03 20 01 F2 00 00 C1 FF 00 00 11 1C 00 00 00 00 00 44 48 8E 42 80 00 00 F9 CD 00 00 5A BF 00 00 00 00 49 0F | C10: =HEX2DEC(MID(B10,10,2)&MID(B10,13,2)) -> 498 | D10: =HEX2DEC(MID($B10,10+6*D$1,2)&MID($B10,13+6*D$1,2)) -> 0 | E10: =(HEX2DEC(MID($B10,10+6*E$1,2)&MID($B10,13+6*E$1,2))-65536)/100 -> -158.73 | F10: =HEX2DEC(MID($B10,10+6*F$1,2)&MID($B10,13+6*F$1,2)) -> 0 | G10: =HEX2DEC(MID($B10,10+6*G$1,2)&MID($B10,13+6*G$1,2))/10 -> 438 | H10: =HEX2DEC(MID($B10,10+6*H$1,2)&MID($B10,13+6*H$1,2)) -> 0 | I10: =HEX2DEC(MID($B10,10+6*I$1,2)&MID($B10,13+6*I$1,2)) -> 0 | J10: =HEX2DEC(MID($B10,10+6*J$1,2)&MID($B10,13+6*J$1,2)) -> 68 | K10: =HEX2DEC(MID($B10,10+6*K$1,2)&MID($B10,13+6*K$1,2)) -> 18574 | L10: =HEX2DEC(MID($B10,10+6*L$1,2)&MID($B10,13+6*L$1,2))/10 -> 1702.4 | M10: =HEX2DEC(MID($B10,10+6*M$1,2)&MID($B10,13+6*M$1,2)) -> 0 | N10: =(HEX2DEC(MID($B10,10+6*N$1,2)&MID($B10,13+6*N$1,2))-65536)/10 -> -158.7 | O10: =HEX2DEC(MID($B10,10+6*O$1,2)&MID($B10,13+6*O$1,2)) -> 0 | P10: =HEX2DEC(MID($B10,10+6*P$1,2)&MID($B10,13+6*P$1,2)) -> 23231 | Q10: =HEX2DEC(MID($B10,10+6*Q$1,2)&MID($B10,13+6*Q$1,2)) -> 0 | R10: =HEX2DEC(MID($B10,10+6*R$1,2)&MID($B10,13+6*R$1,2)) -> 0 | S10: =VLOOKUP(J10,设备状态表!$D$3:$E$14,2,0) -> 固定点监测中
A11: [09:58:45.513]收← | B11: 01 03 20 01 F2 00 00 C1 FF 00 00 11 1C 00 00 00 00 00 44 48 8E 42 E0 00 00 F9 CD 00 00 5A BF 00 00 00 00 C8 AF | C11: =HEX2DEC(MID(B11,10,2)&MID(B11,13,2)) -> 498 | D11: =HEX2DEC(MID($B11,10+6*D$1,2)&MID($B11,13+6*D$1,2)) -> 0 | E11: =(HEX2DEC(MID($B11,10+6*E$1,2)&MID($B11,13+6*E$1,2))-65536)/100 -> -158.73 | F11: =HEX2DEC(MID($B11,10+6*F$1,2)&MID($B11,13+6*F$1,2)) -> 0 | G11: =HEX2DEC(MID($B11,10+6*G$1,2)&MID($B11,13+6*G$1,2))/10 -> 438 | H11: =HEX2DEC(MID($B11,10+6*H$1,2)&MID($B11,13+6*H$1,2)) -> 0 | I11: =HEX2DEC(MID($B11,10+6*I$1,2)&MID($B11,13+6*I$1,2)) -> 0 | J11: =HEX2DEC(MID($B11,10+6*J$1,2)&MID($B11,13+6*J$1,2)) -> 68 | K11: =HEX2DEC(MID($B11,10+6*K$1,2)&MID($B11,13+6*K$1,2)) -> 18574 | L11: =HEX2DEC(MID($B11,10+6*L$1,2)&MID($B11,13+6*L$1,2))/10 -> 1712 | M11: =HEX2DEC(MID($B11,10+6*M$1,2)&MID($B11,13+6*M$1,2)) -> 0 | N11: =(HEX2DEC(MID($B11,10+6*N$1,2)&MID($B11,13+6*N$1,2))-65536)/10 -> -158.7 | O11: =HEX2DEC(MID($B11,10+6*O$1,2)&MID($B11,13+6*O$1,2)) -> 0 | P11: =HEX2DEC(MID($B11,10+6*P$1,2)&MID($B11,13+6*P$1,2)) -> 23231 | Q11: =HEX2DEC(MID($B11,10+6*Q$1,2)&MID($B11,13+6*Q$1,2)) -> 0 | R11: =HEX2DEC(MID($B11,10+6*R$1,2)&MID($B11,13+6*R$1,2)) -> 0 | S11: =VLOOKUP(J11,设备状态表!$D$3:$E$14,2,0) -> 固定点监测中
A12: [09:58:48.438]收← | B12: 01 03 20 01 F2 00 00 C1 FF 00 00 11 1C 00 00 00 00 00 44 48 8E 42 60 00 00 F9 CD 00 00 5A BF 00 00 00 00 37 6E | C12: =HEX2DEC(MID(B12,10,2)&MID(B12,13,2)) -> 498 | D12: =HEX2DEC(MID($B12,10+6*D$1,2)&MID($B12,13+6*D$1,2)) -> 0 | E12: =(HEX2DEC(MID($B12,10+6*E$1,2)&MID($B12,13+6*E$1,2))-65536)/100 -> -158.73 | F12: =HEX2DEC(MID($B12,10+6*F$1,2)&MID($B12,13+6*F$1,2)) -> 0 | G12: =HEX2DEC(MID($B12,10+6*G$1,2)&MID($B12,13+6*G$1,2))/10 -> 438 | H12: =HEX2DEC(MID($B12,10+6*H$1,2)&MID($B12,13+6*H$1,2)) -> 0 | I12: =HEX2DEC(MID($B12,10+6*I$1,2)&MID($B12,13+6*I$1,2)) -> 0 | J12: =HEX2DEC(MID($B12,10+6*J$1,2)&MID($B12,13+6*J$1,2)) -> 68 | K12: =HEX2DEC(MID($B12,10+6*K$1,2)&MID($B12,13+6*K$1,2)) -> 18574 | L12: =HEX2DEC(MID($B12,10+6*L$1,2)&MID($B12,13+6*L$1,2))/10 -> 1699.2 | M12: =HEX2DEC(MID($B12,10+6*M$1,2)&MID($B12,13+6*M$1,2)) -> 0 | N12: =(HEX2DEC(MID($B12,10+6*N$1,2)&MID($B12,13+6*N$1,2))-65536)/10 -> -158.7 | O12: =HEX2DEC(MID($B12,10+6*O$1,2)&MID($B12,13+6*O$1,2)) -> 0 | P12: =HEX2DEC(MID($B12,10+6*P$1,2)&MID($B12,13+6*P$1,2)) -> 23231 | Q12: =HEX2DEC(MID($B12,10+6*Q$1,2)&MID($B12,13+6*Q$1,2)) -> 0 | R12: =HEX2DEC(MID($B12,10+6*R$1,2)&MID($B12,13+6*R$1,2)) -> 0 | S12: =VLOOKUP(J12,设备状态表!$D$3:$E$14,2,0) -> 固定点监测中
A13: [09:58:52.452]收← | B13: 01 03 20 01 F2 00 00 C1 FF 00 00 11 1C 00 00 00 00 00 44 48 8E 42 80 00 00 F9 CD 00 00 5A BF 00 00 00 00 49 0F | C13: =HEX2DEC(MID(B13,10,2)&MID(B13,13,2)) -> 498 | D13: =HEX2DEC(MID($B13,10+6*D$1,2)&MID($B13,13+6*D$1,2)) -> 0 | E13: =(HEX2DEC(MID($B13,10+6*E$1,2)&MID($B13,13+6*E$1,2))-65536)/100 -> -158.73 | F13: =HEX2DEC(MID($B13,10+6*F$1,2)&MID($B13,13+6*F$1,2)) -> 0 | G13: =HEX2DEC(MID($B13,10+6*G$1,2)&MID($B13,13+6*G$1,2))/10 -> 438 | H13: =HEX2DEC(MID($B13,10+6*H$1,2)&MID($B13,13+6*H$1,2)) -> 0 | I13: =HEX2DEC(MID($B13,10+6*I$1,2)&MID($B13,13+6*I$1,2)) -> 0 | J13: =HEX2DEC(MID($B13,10+6*J$1,2)&MID($B13,13+6*J$1,2)) -> 68 | K13: =HEX2DEC(MID($B13,10+6*K$1,2)&MID($B13,13+6*K$1,2)) -> 18574 | L13: =HEX2DEC(MID($B13,10+6*L$1,2)&MID($B13,13+6*L$1,2))/10 -> 1702.4 | M13: =HEX2DEC(MID($B13,10+6*M$1,2)&MID($B13,13+6*M$1,2)) -> 0 | N13: =(HEX2DEC(MID($B13,10+6*N$1,2)&MID($B13,13+6*N$1,2))-65536)/10 -> -158.7 | O13: =HEX2DEC(MID($B13,10+6*O$1,2)&MID($B13,13+6*O$1,2)) -> 0 | P13: =HEX2DEC(MID($B13,10+6*P$1,2)&MID($B13,13+6*P$1,2)) -> 23231 | Q13: =HEX2DEC(MID($B13,10+6*Q$1,2)&MID($B13,13+6*Q$1,2)) -> 0 | R13: =HEX2DEC(MID($B13,10+6*R$1,2)&MID($B13,13+6*R$1,2)) -> 0 | S13: =VLOOKUP(J13,设备状态表!$D$3:$E$14,2,0) -> 固定点监测中
A14: [09:58:54.533]收← | B14: 01 03 20 01 F2 00 00 C2 00 00 00 11 1C 00 00 00 00 00 44 48 8E 42 A0 00 00 F9 CD 00 00 5A BF 00 00 00 00 33 44 | C14: =HEX2DEC(MID(B14,10,2)&MID(B14,13,2)) -> 498 | D14: =HEX2DEC(MID($B14,10+6*D$1,2)&MID($B14,13+6*D$1,2)) -> 0 | E14: =(HEX2DEC(MID($B14,10+6*E$1,2)&MID($B14,13+6*E$1,2))-65536)/100 -> -158.72 | F14: =HEX2DEC(MID($B14,10+6*F$1,2)&MID($B14,13+6*F$1,2)) -> 0 | G14: =HEX2DEC(MID($B14,10+6*G$1,2)&MID($B14,13+6*G$1,2))/10 -> 438 | H14: =HEX2DEC(MID($B14,10+6*H$1,2)&MID($B14,13+6*H$1,2)) -> 0 | I14: =HEX2DEC(MID($B14,10+6*I$1,2)&MID($B14,13+6*I$1,2)) -> 0 | J14: =HEX2DEC(MID($B14,10+6*J$1,2)&MID($B14,13+6*J$1,2)) -> 68 | K14: =HEX2DEC(MID($B14,10+6*K$1,2)&MID($B14,13+6*K$1,2)) -> 18574 | L14: =HEX2DEC(MID($B14,10+6*L$1,2)&MID($B14,13+6*L$1,2))/10 -> 1705.6 | M14: =HEX2DEC(MID($B14,10+6*M$1,2)&MID($B14,13+6*M$1,2)) -> 0 | N14: =(HEX2DEC(MID($B14,10+6*N$1,2)&MID($B14,13+6*N$1,2))-65536)/10 -> -158.7 | O14: =HEX2DEC(MID($B14,10+6*O$1,2)&MID($B14,13+6*O$1,2)) -> 0 | P14: =HEX2DEC(MID($B14,10+6*P$1,2)&MID($B14,13+6*P$1,2)) -> 23231 | Q14: =HEX2DEC(MID($B14,10+6*Q$1,2)&MID($B14,13+6*Q$1,2)) -> 0 | R14: =HEX2DEC(MID($B14,10+6*R$1,2)&MID($B14,13+6*R$1,2)) -> 0 | S14: =VLOOKUP(J14,设备状态表!$D$3:$E$14,2,0) -> 固定点监测中
A15: [09:58:57.611]收← | B15: 01 03 20 01 F2 00 00 C2 00 00 00 11 1C 00 00 00 00 00 44 48 8E 42 80 00 00 F9 CD 00 00 5A BF 00 00 00 00 4C 24 | C15: =HEX2DEC(MID(B15,10,2)&MID(B15,13,2)) -> 498 | D15: =HEX2DEC(MID($B15,10+6*D$1,2)&MID($B15,13+6*D$1,2)) -> 0 | E15: =(HEX2DEC(MID($B15,10+6*E$1,2)&MID($B15,13+6*E$1,2))-65536)/100 -> -158.72 | F15: =HEX2DEC(MID($B15,10+6*F$1,2)&MID($B15,13+6*F$1,2)) -> 0 | G15: =HEX2DEC(MID($B15,10+6*G$1,2)&MID($B15,13+6*G$1,2))/10 -> 438 | H15: =HEX2DEC(MID($B15,10+6*H$1,2)&MID($B15,13+6*H$1,2)) -> 0 | I15: =HEX2DEC(MID($B15,10+6*I$1,2)&MID($B15,13+6*I$1,2)) -> 0 | J15: =HEX2DEC(MID($B15,10+6*J$1,2)&MID($B15,13+6*J$1,2)) -> 68 | K15: =HEX2DEC(MID($B15,10+6*K$1,2)&MID($B15,13+6*K$1,2)) -> 18574 | L15: =HEX2DEC(MID($B15,10+6*L$1,2)&MID($B15,13+6*L$1,2))/10 -> 1702.4 | M15: =HEX2DEC(MID($B15,10+6*M$1,2)&MID($B15,13+6*M$1,2)) -> 0 | N15: =(HEX2DEC(MID($B15,10+6*N$1,2)&MID($B15,13+6*N$1,2))-65536)/10 -> -158.7 | O15: =HEX2DEC(MID($B15,10+6*O$1,2)&MID($B15,13+6*O$1,2)) -> 0 | P15: =HEX2DEC(MID($B15,10+6*P$1,2)&MID($B15,13+6*P$1,2)) -> 23231 | Q15: =HEX2DEC(MID($B15,10+6*Q$1,2)&MID($B15,13+6*Q$1,2)) -> 0 | R15: =HEX2DEC(MID($B15,10+6*R$1,2)&MID($B15,13+6*R$1,2)) -> 0 | S15: =VLOOKUP(J15,设备状态表!$D$3:$E$14,2,0) -> 固定点监测中
... A555: [10:29:57.876]收← | B555: 01 03 20 01 F2 00 00 C2 00 00 00 11 1C 00 00 00 00 00 44 48 8E 42 C0 00 00 F9 CD 00 00 5A C8 00 00 00 00 46 EF | C555: =HEX2DEC(MID(B555,10,2)&MID(B555,13,2)) -> 498 | D555: =HEX2DEC(MID($B555,10+6*D$1,2)&MID($B555,13+6*D$1,2)) -> 0 | E555: =(HEX2DEC(MID($B555,10+6*E$1,2)&MID($B555,13+6*E$1,2))-65536)/100 -> -158.72 | F555: =HEX2DEC(MID($B555,10+6*F$1,2)&MID($B555,13+6*F$1,2)) -> 0 | G555: =HEX2DEC(MID($B555,10+6*G$1,2)&MID($B555,13+6*G$1,2))/10 -> 438 | H555: =HEX2DEC(MID($B555,10+6*H$1,2)&MID($B555,13+6*H$1,2)) -> 0 | I555: =HEX2DEC(MID($B555,10+6*I$1,2)&MID($B555,13+6*I$1,2)) -> 0 | J555: =HEX2DEC(MID($B555,10+6*J$1,2)&MID($B555,13+6*J$1,2)) -> 68 | K555: =HEX2DEC(MID($B555,10+6*K$1,2)&MID($B555,13+6*K$1,2)) -> 18574 | L555: =HEX2DEC(MID($B555,10+6*L$1,2)&MID($B555,13+6*L$1,2))/10 -> 1708.8 | M555: =HEX2DEC(MID($B555,10+6*M$1,2)&MID($B555,13+6*M$1,2)) -> 0 | N555: =(HEX2DEC(MID($B555,10+6*N$1,2)&MID($B555,13+6*N$1,2))-65536)/10 -> -158.7 | O555: =HEX2DEC(MID($B555,10+6*O$1,2)&MID($B555,13+6*O$1,2)) -> 0 | P555: =HEX2DEC(MID($B555,10+6*P$1,2)&MID($B555,13+6*P$1,2)) -> 23240 | Q555: =HEX2DEC(MID($B555,10+6*Q$1,2)&MID($B555,13+6*Q$1,2)) -> 0 | R555: =HEX2DEC(MID($B555,10+6*R$1,2)&MID($B555,13+6*R$1,2)) -> 0 | S555: =VLOOKUP(J555,设备状态表!$D$3:$E$14,2,0) -> 固定点监测中
A556: [10:30:00.878]收← | B556: 01 03 20 01 F2 00 00 C1 FF 00 00 11 1C 00 00 00 00 00 44 48 8E 42 C0 00 00 F9 CD 00 00 5A C8 00 00 00 00 43 C4 | C556: =HEX2DEC(MID(B556,10,2)&MID(B556,13,2)) -> 498 | D556: =HEX2DEC(MID($B556,10+6*D$1,2)&MID($B556,13+6*D$1,2)) -> 0 | E556: =(HEX2DEC(MID($B556,10+6*E$1,2)&MID($B556,13+6*E$1,2))-65536)/100 -> -158.73 | F556: =HEX2DEC(MID($B556,10+6*F$1,2)&MID($B556,13+6*F$1,2)) -> 0 | G556: =HEX2DEC(MID($B556,10+6*G$1,2)&MID($B556,13+6*G$1,2))/10 -> 438 | H556: =HEX2DEC(MID($B556,10+6*H$1,2)&MID($B556,13+6*H$1,2)) -> 0 | I556: =HEX2DEC(MID($B556,10+6*I$1,2)&MID($B556,13+6*I$1,2)) -> 0 | J556: =HEX2DEC(MID($B556,10+6*J$1,2)&MID($B556,13+6*J$1,2)) -> 68 | K556: =HEX2DEC(MID($B556,10+6*K$1,2)&MID($B556,13+6*K$1,2)) -> 18574 | L556: =HEX2DEC(MID($B556,10+6*L$1,2)&MID($B556,13+6*L$1,2))/10 -> 1708.8 | M556: =HEX2DEC(MID($B556,10+6*M$1,2)&MID($B556,13+6*M$1,2)) -> 0 | N556: =(HEX2DEC(MID($B556,10+6*N$1,2)&MID($B556,13+6*N$1,2))-65536)/10 -> -158.7 | O556: =HEX2DEC(MID($B556,10+6*O$1,2)&MID($B556,13+6*O$1,2)) -> 0 | P556: =HEX2DEC(MID($B556,10+6*P$1,2)&MID($B556,13+6*P$1,2)) -> 23240 | Q556: =HEX2DEC(MID($B556,10+6*Q$1,2)&MID($B556,13+6*Q$1,2)) -> 0 | R556: =HEX2DEC(MID($B556,10+6*R$1,2)&MID($B556,13+6*R$1,2)) -> 0 | S556: =VLOOKUP(J556,设备状态表!$D$3:$E$14,2,0) -> 固定点监测中 | T556: 下一个包读了密度数据
A557: [10:30:10.659]收← | B557: 01 03 20 01 F2 00 00 C1 FE 00 00 11 1C 00 00 00 00 00 44 48 8E 42 C0 00 00 F9 CD 00 00 5A C8 00 00 00 00 BD 46 | C557: =HEX2DEC(MID(B557,10,2)&MID(B557,13,2)) -> 498 | D557: =HEX2DEC(MID($B557,10+6*D$1,2)&MID($B557,13+6*D$1,2)) -> 0 | E557: =(HEX2DEC(MID($B557,10+6*E$1,2)&MID($B557,13+6*E$1,2))-65536)/100 -> -158.74 | F557: =HEX2DEC(MID($B557,10+6*F$1,2)&MID($B557,13+6*F$1,2)) -> 0 | G557: =HEX2DEC(MID($B557,10+6*G$1,2)&MID($B557,13+6*G$1,2))/10 -> 438 | H557: =HEX2DEC(MID($B557,10+6*H$1,2)&MID($B557,13+6*H$1,2)) -> 0 | I557: =HEX2DEC(MID($B557,10+6*I$1,2)&MID($B557,13+6*I$1,2)) -> 0 | J557: =HEX2DEC(MID($B557,10+6*J$1,2)&MID($B557,13+6*J$1,2)) -> 68 | K557: =HEX2DEC(MID($B557,10+6*K$1,2)&MID($B557,13+6*K$1,2)) -> 18574 | L557: =HEX2DEC(MID($B557,10+6*L$1,2)&MID($B557,13+6*L$1,2))/10 -> 1708.8 | M557: =HEX2DEC(MID($B557,10+6*M$1,2)&MID($B557,13+6*M$1,2)) -> 0 | N557: =(HEX2DEC(MID($B557,10+6*N$1,2)&MID($B557,13+6*N$1,2))-65536)/10 -> -158.7 | O557: =HEX2DEC(MID($B557,10+6*O$1,2)&MID($B557,13+6*O$1,2)) -> 0 | P557: =HEX2DEC(MID($B557,10+6*P$1,2)&MID($B557,13+6*P$1,2)) -> 23240 | Q557: =HEX2DEC(MID($B557,10+6*Q$1,2)&MID($B557,13+6*Q$1,2)) -> 0 | R557: =HEX2DEC(MID($B557,10+6*R$1,2)&MID($B557,13+6*R$1,2)) -> 0 | S557: =VLOOKUP(J557,设备状态表!$D$3:$E$14,2,0) -> 固定点监测中
A558: [10:30:13.402]收← | B558: 01 03 20 01 F2 00 00 C1 FE 00 00 11 1C 00 00 00 00 00 44 48 8E 42 A0 00 00 F9 CD 00 00 5A C8 00 00 00 00 3C E6 | C558: =HEX2DEC(MID(B558,10,2)&MID(B558,13,2)) -> 498 | D558: =HEX2DEC(MID($B558,10+6*D$1,2)&MID($B558,13+6*D$1,2)) -> 0 | E558: =(HEX2DEC(MID($B558,10+6*E$1,2)&MID($B558,13+6*E$1,2))-65536)/100 -> -158.74 | F558: =HEX2DEC(MID($B558,10+6*F$1,2)&MID($B558,13+6*F$1,2)) -> 0 | G558: =HEX2DEC(MID($B558,10+6*G$1,2)&MID($B558,13+6*G$1,2))/10 -> 438 | H558: =HEX2DEC(MID($B558,10+6*H$1,2)&MID($B558,13+6*H$1,2)) -> 0 | I558: =HEX2DEC(MID($B558,10+6*I$1,2)&MID($B558,13+6*I$1,2)) -> 0 | J558: =HEX2DEC(MID($B558,10+6*J$1,2)&MID($B558,13+6*J$1,2)) -> 68 | K558: =HEX2DEC(MID($B558,10+6*K$1,2)&MID($B558,13+6*K$1,2)) -> 18574 | L558: =HEX2DEC(MID($B558,10+6*L$1,2)&MID($B558,13+6*L$1,2))/10 -> 1705.6 | M558: =HEX2DEC(MID($B558,10+6*M$1,2)&MID($B558,13+6*M$1,2)) -> 0 | N558: =(HEX2DEC(MID($B558,10+6*N$1,2)&MID($B558,13+6*N$1,2))-65536)/10 -> -158.7 | O558: =HEX2DEC(MID($B558,10+6*O$1,2)&MID($B558,13+6*O$1,2)) -> 0 | P558: =HEX2DEC(MID($B558,10+6*P$1,2)&MID($B558,13+6*P$1,2)) -> 23240 | Q558: =HEX2DEC(MID($B558,10+6*Q$1,2)&MID($B558,13+6*Q$1,2)) -> 0 | R558: =HEX2DEC(MID($B558,10+6*R$1,2)&MID($B558,13+6*R$1,2)) -> 0 | S558: =VLOOKUP(J558,设备状态表!$D$3:$E$14,2,0) -> 固定点监测中
A559: [10:30:15.265]收← | B559: 01 03 20 01 F2 00 00 C1 FE 00 00 11 1C 00 00 00 00 00 44 48 8E 42 A0 00 00 F9 CD 00 00 5A C8 00 00 00 00 3C E6 | C559: =HEX2DEC(MID(B559,10,2)&MID(B559,13,2)) -> 498 | D559: =HEX2DEC(MID($B559,10+6*D$1,2)&MID($B559,13+6*D$1,2)) -> 0 | E559: =(HEX2DEC(MID($B559,10+6*E$1,2)&MID($B559,13+6*E$1,2))-65536)/100 -> -158.74 | F559: =HEX2DEC(MID($B559,10+6*F$1,2)&MID($B559,13+6*F$1,2)) -> 0 | G559: =HEX2DEC(MID($B559,10+6*G$1,2)&MID($B559,13+6*G$1,2))/10 -> 438 | H559: =HEX2DEC(MID($B559,10+6*H$1,2)&MID($B559,13+6*H$1,2)) -> 0 | I559: =HEX2DEC(MID($B559,10+6*I$1,2)&MID($B559,13+6*I$1,2)) -> 0 | J559: =HEX2DEC(MID($B559,10+6*J$1,2)&MID($B559,13+6*J$1,2)) -> 68 | K559: =HEX2DEC(MID($B559,10+6*K$1,2)&MID($B559,13+6*K$1,2)) -> 18574 | L559: =HEX2DEC(MID($B559,10+6*L$1,2)&MID($B559,13+6*L$1,2))/10 -> 1705.6 | M559: =HEX2DEC(MID($B559,10+6*M$1,2)&MID($B559,13+6*M$1,2)) -> 0 | N559: =(HEX2DEC(MID($B559,10+6*N$1,2)&MID($B559,13+6*N$1,2))-65536)/10 -> -158.7 | O559: =HEX2DEC(MID($B559,10+6*O$1,2)&MID($B559,13+6*O$1,2)) -> 0 | P559: =HEX2DEC(MID($B559,10+6*P$1,2)&MID($B559,13+6*P$1,2)) -> 23240 | Q559: =HEX2DEC(MID($B559,10+6*Q$1,2)&MID($B559,13+6*Q$1,2)) -> 0 | R559: =HEX2DEC(MID($B559,10+6*R$1,2)&MID($B559,13+6*R$1,2)) -> 0 | S559: =VLOOKUP(J559,设备状态表!$D$3:$E$14,2,0) -> 固定点监测中
A560: [10:30:18.160]收← | B560: 01 03 20 01 F2 00 00 C1 FE 00 00 11 1C 00 00 00 00 00 44 48 8E 42 E0 00 00 F9 CD 00 00 5A C8 00 00 00 00 C2 26 | C560: =HEX2DEC(MID(B560,10,2)&MID(B560,13,2)) -> 498 | D560: =HEX2DEC(MID($B560,10+6*D$1,2)&MID($B560,13+6*D$1,2)) -> 0 | E560: =(HEX2DEC(MID($B560,10+6*E$1,2)&MID($B560,13+6*E$1,2))-65536)/100 -> -158.74 | F560: =HEX2DEC(MID($B560,10+6*F$1,2)&MID($B560,13+6*F$1,2)) -> 0 | G560: =HEX2DEC(MID($B560,10+6*G$1,2)&MID($B560,13+6*G$1,2))/10 -> 438 | H560: =HEX2DEC(MID($B560,10+6*H$1,2)&MID($B560,13+6*H$1,2)) -> 0 | I560: =HEX2DEC(MID($B560,10+6*I$1,2)&MID($B560,13+6*I$1,2)) -> 0 | J560: =HEX2DEC(MID($B560,10+6*J$1,2)&MID($B560,13+6*J$1,2)) -> 68 | K560: =HEX2DEC(MID($B560,10+6*K$1,2)&MID($B560,13+6*K$1,2)) -> 18574 | L560: =HEX2DEC(MID($B560,10+6*L$1,2)&MID($B560,13+6*L$1,2))/10 -> 1712 | M560: =HEX2DEC(MID($B560,10+6*M$1,2)&MID($B560,13+6*M$1,2)) -> 0 | N560: =(HEX2DEC(MID($B560,10+6*N$1,2)&MID($B560,13+6*N$1,2))-65536)/10 -> -158.7 | O560: =HEX2DEC(MID($B560,10+6*O$1,2)&MID($B560,13+6*O$1,2)) -> 0 | P560: =HEX2DEC(MID($B560,10+6*P$1,2)&MID($B560,13+6*P$1,2)) -> 23240 | Q560: =HEX2DEC(MID($B560,10+6*Q$1,2)&MID($B560,13+6*Q$1,2)) -> 0 | R560: =HEX2DEC(MID($B560,10+6*R$1,2)&MID($B560,13+6*R$1,2)) -> 0 | S560: =VLOOKUP(J560,设备状态表!$D$3:$E$14,2,0) -> 固定点监测中
A561: [10:30:21.367]收← | B561: 01 03 20 01 F2 00 00 C1 FE 00 00 11 1C 00 00 00 00 00 44 48 8E 42 C0 00 00 F9 CD 00 00 5A C8 00 00 00 00 BD 46 | C561: =HEX2DEC(MID(B561,10,2)&MID(B561,13,2)) -> 498 | D561: =HEX2DEC(MID($B561,10+6*D$1,2)&MID($B561,13+6*D$1,2)) -> 0 | E561: =(HEX2DEC(MID($B561,10+6*E$1,2)&MID($B561,13+6*E$1,2))-65536)/100 -> -158.74 | F561: =HEX2DEC(MID($B561,10+6*F$1,2)&MID($B561,13+6*F$1,2)) -> 0 | G561: =HEX2DEC(MID($B561,10+6*G$1,2)&MID($B561,13+6*G$1,2))/10 -> 438 | H561: =HEX2DEC(MID($B561,10+6*H$1,2)&MID($B561,13+6*H$1,2)) -> 0 | I561: =HEX2DEC(MID($B561,10+6*I$1,2)&MID($B561,13+6*I$1,2)) -> 0 | J561: =HEX2DEC(MID($B561,10+6*J$1,2)&MID($B561,13+6*J$1,2)) -> 68 | K561: =HEX2DEC(MID($B561,10+6*K$1,2)&MID($B561,13+6*K$1,2)) -> 18574 | L561: =HEX2DEC(MID($B561,10+6*L$1,2)&MID($B561,13+6*L$1,2))/10 -> 1708.8 | M561: =HEX2DEC(MID($B561,10+6*M$1,2)&MID($B561,13+6*M$1,2)) -> 0 | N561: =(HEX2DEC(MID($B561,10+6*N$1,2)&MID($B561,13+6*N$1,2))-65536)/10 -> -158.7 | O561: =HEX2DEC(MID($B561,10+6*O$1,2)&MID($B561,13+6*O$1,2)) -> 0 | P561: =HEX2DEC(MID($B561,10+6*P$1,2)&MID($B561,13+6*P$1,2)) -> 23240 | Q561: =HEX2DEC(MID($B561,10+6*Q$1,2)&MID($B561,13+6*Q$1,2)) -> 0 | R561: =HEX2DEC(MID($B561,10+6*R$1,2)&MID($B561,13+6*R$1,2)) -> 0 | S561: =VLOOKUP(J561,设备状态表!$D$3:$E$14,2,0) -> 固定点监测中
A562: [10:30:24.237]收← | B562: 01 03 20 01 F2 00 00 C1 FE 00 00 11 1C 00 00 00 00 00 44 48 8E 42 C0 00 00 F9 CD 00 00 5A C8 00 00 00 00 BD 46 | C562: =HEX2DEC(MID(B562,10,2)&MID(B562,13,2)) -> 498 | D562: =HEX2DEC(MID($B562,10+6*D$1,2)&MID($B562,13+6*D$1,2)) -> 0 | E562: =(HEX2DEC(MID($B562,10+6*E$1,2)&MID($B562,13+6*E$1,2))-65536)/100 -> -158.74 | F562: =HEX2DEC(MID($B562,10+6*F$1,2)&MID($B562,13+6*F$1,2)) -> 0 | G562: =HEX2DEC(MID($B562,10+6*G$1,2)&MID($B562,13+6*G$1,2))/10 -> 438 | H562: =HEX2DEC(MID($B562,10+6*H$1,2)&MID($B562,13+6*H$1,2)) -> 0 | I562: =HEX2DEC(MID($B562,10+6*I$1,2)&MID($B562,13+6*I$1,2)) -> 0 | J562: =HEX2DEC(MID($B562,10+6*J$1,2)&MID($B562,13+6*J$1,2)) -> 68 | K562: =HEX2DEC(MID($B562,10+6*K$1,2)&MID($B562,13+6*K$1,2)) -> 18574 | L562: =HEX2DEC(MID($B562,10+6*L$1,2)&MID($B562,13+6*L$1,2))/10 -> 1708.8 | M562: =HEX2DEC(MID($B562,10+6*M$1,2)&MID($B562,13+6*M$1,2)) -> 0 | N562: =(HEX2DEC(MID($B562,10+6*N$1,2)&MID($B562,13+6*N$1,2))-65536)/10 -> -158.7 | O562: =HEX2DEC(MID($B562,10+6*O$1,2)&MID($B562,13+6*O$1,2)) -> 0 | P562: =HEX2DEC(MID($B562,10+6*P$1,2)&MID($B562,13+6*P$1,2)) -> 23240 | Q562: =HEX2DEC(MID($B562,10+6*Q$1,2)&MID($B562,13+6*Q$1,2)) -> 0 | R562: =HEX2DEC(MID($B562,10+6*R$1,2)&MID($B562,13+6*R$1,2)) -> 0 | S562: =VLOOKUP(J562,设备状态表!$D$3:$E$14,2,0) -> 固定点监测中
A563: [10:30:27.121]收← | B563: 01 03 20 01 F2 00 00 C1 FE 00 00 11 1C 00 00 00 00 00 44 48 8E 42 C0 00 00 F9 CD 00 00 5A C8 00 00 00 00 BD 46 | C563: =HEX2DEC(MID(B563,10,2)&MID(B563,13,2)) -> 498 | D563: =HEX2DEC(MID($B563,10+6*D$1,2)&MID($B563,13+6*D$1,2)) -> 0 | E563: =(HEX2DEC(MID($B563,10+6*E$1,2)&MID($B563,13+6*E$1,2))-65536)/100 -> -158.74 | F563: =HEX2DEC(MID($B563,10+6*F$1,2)&MID($B563,13+6*F$1,2)) -> 0 | G563: =HEX2DEC(MID($B563,10+6*G$1,2)&MID($B563,13+6*G$1,2))/10 -> 438 | H563: =HEX2DEC(MID($B563,10+6*H$1,2)&MID($B563,13+6*H$1,2)) -> 0 | I563: =HEX2DEC(MID($B563,10+6*I$1,2)&MID($B563,13+6*I$1,2)) -> 0 | J563: =HEX2DEC(MID($B563,10+6*J$1,2)&MID($B563,13+6*J$1,2)) -> 68 | K563: =HEX2DEC(MID($B563,10+6*K$1,2)&MID($B563,13+6*K$1,2)) -> 18574 | L563: =HEX2DEC(MID($B563,10+6*L$1,2)&MID($B563,13+6*L$1,2))/10 -> 1708.8 | M563: =HEX2DEC(MID($B563,10+6*M$1,2)&MID($B563,13+6*M$1,2)) -> 0 | N563: =(HEX2DEC(MID($B563,10+6*N$1,2)&MID($B563,13+6*N$1,2))-65536)/10 -> -158.7 | O563: =HEX2DEC(MID($B563,10+6*O$1,2)&MID($B563,13+6*O$1,2)) -> 0 | P563: =HEX2DEC(MID($B563,10+6*P$1,2)&MID($B563,13+6*P$1,2)) -> 23240 | Q563: =HEX2DEC(MID($B563,10+6*Q$1,2)&MID($B563,13+6*Q$1,2)) -> 0 | R563: =HEX2DEC(MID($B563,10+6*R$1,2)&MID($B563,13+6*R$1,2)) -> 0 | S563: =VLOOKUP(J563,设备状态表!$D$3:$E$14,2,0) -> 固定点监测中
A564: [10:30:30.192]收← | B564: 01 03 20 01 F2 00 00 C1 FF 00 00 11 1C 00 00 00 00 00 44 48 8E 42 C0 00 00 F9 CD 00 00 5A C8 00 00 00 00 43 C4 | C564: =HEX2DEC(MID(B564,10,2)&MID(B564,13,2)) -> 498 | D564: =HEX2DEC(MID($B564,10+6*D$1,2)&MID($B564,13+6*D$1,2)) -> 0 | E564: =(HEX2DEC(MID($B564,10+6*E$1,2)&MID($B564,13+6*E$1,2))-65536)/100 -> -158.73 | F564: =HEX2DEC(MID($B564,10+6*F$1,2)&MID($B564,13+6*F$1,2)) -> 0 | G564: =HEX2DEC(MID($B564,10+6*G$1,2)&MID($B564,13+6*G$1,2))/10 -> 438 | H564: =HEX2DEC(MID($B564,10+6*H$1,2)&MID($B564,13+6*H$1,2)) -> 0 | I564: =HEX2DEC(MID($B564,10+6*I$1,2)&MID($B564,13+6*I$1,2)) -> 0 | J564: =HEX2DEC(MID($B564,10+6*J$1,2)&MID($B564,13+6*J$1,2)) -> 68 | K564: =HEX2DEC(MID($B564,10+6*K$1,2)&MID($B564,13+6*K$1,2)) -> 18574 | L564: =HEX2DEC(MID($B564,10+6*L$1,2)&MID($B564,13+6*L$1,2))/10 -> 1708.8 | M564: =HEX2DEC(MID($B564,10+6*M$1,2)&MID($B564,13+6*M$1,2)) -> 0 | N564: =(HEX2DEC(MID($B564,10+6*N$1,2)&MID($B564,13+6*N$1,2))-65536)/10 -> -158.7 | O564: =HEX2DEC(MID($B564,10+6*O$1,2)&MID($B564,13+6*O$1,2)) -> 0 | P564: =HEX2DEC(MID($B564,10+6*P$1,2)&MID($B564,13+6*P$1,2)) -> 23240 | Q564: =HEX2DEC(MID($B564,10+6*Q$1,2)&MID($B564,13+6*Q$1,2)) -> 0 | R564: =HEX2DEC(MID($B564,10+6*R$1,2)&MID($B564,13+6*R$1,2)) -> 0 | S564: =VLOOKUP(J564,设备状态表!$D$3:$E$14,2,0) -> 固定点监测中
A565: [10:30:33.233]收← | B565: 01 03 20 01 F2 00 00 C1 FF 00 00 11 1C 00 00 00 00 00 44 48 8E 42 A0 00 00 F9 CD 00 00 5A C8 00 00 00 00 C2 64 | C565: =HEX2DEC(MID(B565,10,2)&MID(B565,13,2)) -> 498 | D565: =HEX2DEC(MID($B565,10+6*D$1,2)&MID($B565,13+6*D$1,2)) -> 0 | E565: =(HEX2DEC(MID($B565,10+6*E$1,2)&MID($B565,13+6*E$1,2))-65536)/100 -> -158.73 | F565: =HEX2DEC(MID($B565,10+6*F$1,2)&MID($B565,13+6*F$1,2)) -> 0 | G565: =HEX2DEC(MID($B565,10+6*G$1,2)&MID($B565,13+6*G$1,2))/10 -> 438 | H565: =HEX2DEC(MID($B565,10+6*H$1,2)&MID($B565,13+6*H$1,2)) -> 0 | I565: =HEX2DEC(MID($B565,10+6*I$1,2)&MID($B565,13+6*I$1,2)) -> 0 | J565: =HEX2DEC(MID($B565,10+6*J$1,2)&MID($B565,13+6*J$1,2)) -> 68 | K565: =HEX2DEC(MID($B565,10+6*K$1,2)&MID($B565,13+6*K$1,2)) -> 18574 | L565: =HEX2DEC(MID($B565,10+6*L$1,2)&MID($B565,13+6*L$1,2))/10 -> 1705.6 | M565: =HEX2DEC(MID($B565,10+6*M$1,2)&MID($B565,13+6*M$1,2)) -> 0 | N565: =(HEX2DEC(MID($B565,10+6*N$1,2)&MID($B565,13+6*N$1,2))-65536)/10 -> -158.7 | O565: =HEX2DEC(MID($B565,10+6*O$1,2)&MID($B565,13+6*O$1,2)) -> 0 | P565: =HEX2DEC(MID($B565,10+6*P$1,2)&MID($B565,13+6*P$1,2)) -> 23240 | Q565: =HEX2DEC(MID($B565,10+6*Q$1,2)&MID($B565,13+6*Q$1,2)) -> 0 | R565: =HEX2DEC(MID($B565,10+6*R$1,2)&MID($B565,13+6*R$1,2)) -> 0 | S565: =VLOOKUP(J565,设备状态表!$D$3:$E$14,2,0) -> 固定点监测中
A566: [10:30:36.260]收← | B566: 01 03 20 01 F2 00 00 C1 FE 00 00 11 1C 00 00 00 00 00 44 48 8E 42 A0 00 00 F9 CD 00 00 5A C8 00 00 00 00 3C E6 | C566: =HEX2DEC(MID(B566,10,2)&MID(B566,13,2)) -> 498 | D566: =HEX2DEC(MID($B566,10+6*D$1,2)&MID($B566,13+6*D$1,2)) -> 0 | E566: =(HEX2DEC(MID($B566,10+6*E$1,2)&MID($B566,13+6*E$1,2))-65536)/100 -> -158.74 | F566: =HEX2DEC(MID($B566,10+6*F$1,2)&MID($B566,13+6*F$1,2)) -> 0 | G566: =HEX2DEC(MID($B566,10+6*G$1,2)&MID($B566,13+6*G$1,2))/10 -> 438 | H566: =HEX2DEC(MID($B566,10+6*H$1,2)&MID($B566,13+6*H$1,2)) -> 0 | I566: =HEX2DEC(MID($B566,10+6*I$1,2)&MID($B566,13+6*I$1,2)) -> 0 | J566: =HEX2DEC(MID($B566,10+6*J$1,2)&MID($B566,13+6*J$1,2)) -> 68 | K566: =HEX2DEC(MID($B566,10+6*K$1,2)&MID($B566,13+6*K$1,2)) -> 18574 | L566: =HEX2DEC(MID($B566,10+6*L$1,2)&MID($B566,13+6*L$1,2))/10 -> 1705.6 | M566: =HEX2DEC(MID($B566,10+6*M$1,2)&MID($B566,13+6*M$1,2)) -> 0 | N566: =(HEX2DEC(MID($B566,10+6*N$1,2)&MID($B566,13+6*N$1,2))-65536)/10 -> -158.7 | O566: =HEX2DEC(MID($B566,10+6*O$1,2)&MID($B566,13+6*O$1,2)) -> 0 | P566: =HEX2DEC(MID($B566,10+6*P$1,2)&MID($B566,13+6*P$1,2)) -> 23240 | Q566: =HEX2DEC(MID($B566,10+6*Q$1,2)&MID($B566,13+6*Q$1,2)) -> 0 | R566: =HEX2DEC(MID($B566,10+6*R$1,2)&MID($B566,13+6*R$1,2)) -> 0 | S566: =VLOOKUP(J566,设备状态表!$D$3:$E$14,2,0) -> 固定点监测中
A567: [10:30:44.848]收← | B567: 01 03 20 01 F2 00 00 C1 FF 00 00 11 1C 00 00 00 00 00 44 48 8E 42 C0 00 00 F9 CD 00 00 5A C8 00 00 00 00 43 C4 | C567: =HEX2DEC(MID(B567,10,2)&MID(B567,13,2)) -> 498 | D567: =HEX2DEC(MID($B567,10+6*D$1,2)&MID($B567,13+6*D$1,2)) -> 0 | E567: =(HEX2DEC(MID($B567,10+6*E$1,2)&MID($B567,13+6*E$1,2))-65536)/100 -> -158.73 | F567: =HEX2DEC(MID($B567,10+6*F$1,2)&MID($B567,13+6*F$1,2)) -> 0 | G567: =HEX2DEC(MID($B567,10+6*G$1,2)&MID($B567,13+6*G$1,2))/10 -> 438 | H567: =HEX2DEC(MID($B567,10+6*H$1,2)&MID($B567,13+6*H$1,2)) -> 0 | I567: =HEX2DEC(MID($B567,10+6*I$1,2)&MID($B567,13+6*I$1,2)) -> 0 | J567: =HEX2DEC(MID($B567,10+6*J$1,2)&MID($B567,13+6*J$1,2)) -> 68 | K567: =HEX2DEC(MID($B567,10+6*K$1,2)&MID($B567,13+6*K$1,2)) -> 18574 | L567: =HEX2DEC(MID($B567,10+6*L$1,2)&MID($B567,13+6*L$1,2))/10 -> 1708.8 | M567: =HEX2DEC(MID($B567,10+6*M$1,2)&MID($B567,13+6*M$1,2)) -> 0 | N567: =(HEX2DEC(MID($B567,10+6*N$1,2)&MID($B567,13+6*N$1,2))-65536)/10 -> -158.7 | O567: =HEX2DEC(MID($B567,10+6*O$1,2)&MID($B567,13+6*O$1,2)) -> 0 | P567: =HEX2DEC(MID($B567,10+6*P$1,2)&MID($B567,13+6*P$1,2)) -> 23240 | Q567: =HEX2DEC(MID($B567,10+6*Q$1,2)&MID($B567,13+6*Q$1,2)) -> 0 | R567: =HEX2DEC(MID($B567,10+6*R$1,2)&MID($B567,13+6*R$1,2)) -> 0 | S567: =VLOOKUP(J567,设备状态表!$D$3:$E$14,2,0) -> 固定点监测中
A568: [10:30:46.376]收← | B568: 01 03 20 01 F2 00 00 C1 FE 00 00 11 1C 00 00 00 00 00 44 48 8E 43 20 00 00 F9 CD 00 00 5A C8 00 00 00 00 C3 E6 | C568: =HEX2DEC(MID(B568,10,2)&MID(B568,13,2)) -> 498 | D568: =HEX2DEC(MID($B568,10+6*D$1,2)&MID($B568,13+6*D$1,2)) -> 0 | E568: =(HEX2DEC(MID($B568,10+6*E$1,2)&MID($B568,13+6*E$1,2))-65536)/100 -> -158.74 | F568: =HEX2DEC(MID($B568,10+6*F$1,2)&MID($B568,13+6*F$1,2)) -> 0 | G568: =HEX2DEC(MID($B568,10+6*G$1,2)&MID($B568,13+6*G$1,2))/10 -> 438 | H568: =HEX2DEC(MID($B568,10+6*H$1,2)&MID($B568,13+6*H$1,2)) -> 0 | I568: =HEX2DEC(MID($B568,10+6*I$1,2)&MID($B568,13+6*I$1,2)) -> 0 | J568: =HEX2DEC(MID($B568,10+6*J$1,2)&MID($B568,13+6*J$1,2)) -> 68 | K568: =HEX2DEC(MID($B568,10+6*K$1,2)&MID($B568,13+6*K$1,2)) -> 18574 | L568: =HEX2DEC(MID($B568,10+6*L$1,2)&MID($B568,13+6*L$1,2))/10 -> 1718.4 | M568: =HEX2DEC(MID($B568,10+6*M$1,2)&MID($B568,13+6*M$1,2)) -> 0 | N568: =(HEX2DEC(MID($B568,10+6*N$1,2)&MID($B568,13+6*N$1,2))-65536)/10 -> -158.7 | O568: =HEX2DEC(MID($B568,10+6*O$1,2)&MID($B568,13+6*O$1,2)) -> 0 | P568: =HEX2DEC(MID($B568,10+6*P$1,2)&MID($B568,13+6*P$1,2)) -> 23240 | Q568: =HEX2DEC(MID($B568,10+6*Q$1,2)&MID($B568,13+6*Q$1,2)) -> 0 | R568: =HEX2DEC(MID($B568,10+6*R$1,2)&MID($B568,13+6*R$1,2)) -> 0 | S568: =VLOOKUP(J568,设备状态表!$D$3:$E$14,2,0) -> 固定点监测中
... A755: [10:41:29.284]收← | B755: 01 03 20 01 F2 00 00 C1 FF 00 00 11 1C 00 00 00 00 00 44 48 8E 42 A0 00 00 F9 CD 00 00 5A C8 00 00 00 00 C2 64 | C755: =HEX2DEC(MID(B755,10,2)&MID(B755,13,2)) -> 498 | D755: =HEX2DEC(MID($B755,10+6*D$1,2)&MID($B755,13+6*D$1,2)) -> 0 | E755: =(HEX2DEC(MID($B755,10+6*E$1,2)&MID($B755,13+6*E$1,2))-65536)/100 -> -158.73 | F755: =HEX2DEC(MID($B755,10+6*F$1,2)&MID($B755,13+6*F$1,2)) -> 0 | G755: =HEX2DEC(MID($B755,10+6*G$1,2)&MID($B755,13+6*G$1,2))/10 -> 438 | H755: =HEX2DEC(MID($B755,10+6*H$1,2)&MID($B755,13+6*H$1,2)) -> 0 | I755: =HEX2DEC(MID($B755,10+6*I$1,2)&MID($B755,13+6*I$1,2)) -> 0 | J755: =HEX2DEC(MID($B755,10+6*J$1,2)&MID($B755,13+6*J$1,2)) -> 68 | K755: =HEX2DEC(MID($B755,10+6*K$1,2)&MID($B755,13+6*K$1,2)) -> 18574 | L755: =HEX2DEC(MID($B755,10+6*L$1,2)&MID($B755,13+6*L$1,2))/10 -> 1705.6 | M755: =HEX2DEC(MID($B755,10+6*M$1,2)&MID($B755,13+6*M$1,2)) -> 0 | N755: =(HEX2DEC(MID($B755,10+6*N$1,2)&MID($B755,13+6*N$1,2))-65536)/10 -> -158.7 | O755: =HEX2DEC(MID($B755,10+6*O$1,2)&MID($B755,13+6*O$1,2)) -> 0 | P755: =HEX2DEC(MID($B755,10+6*P$1,2)&MID($B755,13+6*P$1,2)) -> 23240 | Q755: =HEX2DEC(MID($B755,10+6*Q$1,2)&MID($B755,13+6*Q$1,2)) -> 0 | R755: =HEX2DEC(MID($B755,10+6*R$1,2)&MID($B755,13+6*R$1,2)) -> 0 | S755: =VLOOKUP(J755,设备状态表!$D$3:$E$14,2,0) -> 固定点监测中

Sheet 拔传感器
A2: [14:50:31.059]收← | B2: 04 03 00 C8 00 11 04 6D | C2: =MID(B2,1,9) -> 04 03 00
A3: [14:50:31.364]收← | B3: 04 03 22 46 B6 80 00 3F 80 00 00 3F 80 00 00 3F 80 00 00 00 00 00 00 00 00 10 06 00 00 00 00 00 00 00 00 00 00 71 53 | C3: =MID(B3,1,9) -> 04 03 22
A4: [14:50:31.507]收← | B4: 03 03 00 1E 00 05 E4 2D | C4: =MID(B4,1,9) -> 03 03 00
A5: [14:50:31.587]收← | B5: 03 03 0A 31 37 30 39 31 38 30 38 32 31 55 75 | C5: =MID(B5,1,9) -> 03 03 0A
A6: [14:50:31.746]收← | B6: 02 03 00 C8 00 11 04 0B | C6: =MID(B6,1,9) -> 02 03 00
A7: [14:50:32.049]收← | B7: 02 03 22 46 B6 6C 00 C4 C6 E0 00 41 30 00 00 C4 C4 C0 00 00 00 00 00 00 00 10 00 00 00 00 00 00 00 00 00 00 00 85 D3 | C7: =MID(B7,1,9) -> 02 03 22
A8: [14:50:32.193]收← | B8: 01 03 00 00 00 10 44 06 | C8: =MID(B8,1,9) -> 01 03 00
A9: [14:50:32.385]收← | B9: 01 03 20 38 4F 00 00 C1 FD 00 00 11 1F 00 00 00 00 08 40 48 8E 48 60 00 00 F9 CD 00 00 5A D5 00 00 00 00 00 F7 | C9: =MID(B9,1,9) -> 01 03 20
A10: [14:50:34.054]收← | B10: 04 03 00 C8 00 11 04 6D | C10: =MID(B10,1,9) -> 04 03 00
A11: [14:50:34.437]收← | B11: 04 03 22 46 B6 80 00 3F 80 00 00 3F 80 00 00 3F 80 00 00 00 00 00 00 00 00 10 06 00 00 00 00 00 00 00 00 00 00 71 53 | C11: =MID(B11,1,9) -> 04 03 22
A12: [14:50:34.581]收← | B12: 03 03 00 1E 00 05 E4 2D | C12: =MID(B12,1,9) -> 03 03 00
A13: [14:50:34.661]收← | B13: 03 03 0A 31 37 30 39 31 38 30 38 32 31 55 75 | C13: =MID(B13,1,9) -> 03 03 0A
... A384: [14:52:06.853]收← | B384: 02 03 00 C8 00 11 04 0B | C384: =MID(B384,1,9) -> 02 03 00
A385: [14:52:07.045]收← | B385: 2 | C385: =MID(B385,1,9) -> 2
A386: [14:52:07.173]收← | B386: 03 22 46 B6 6C 00 C4 C7 60 00 41 30 00 00 C4 C4 C0 00 00 00 00 00 00 00 10 00 00 | C386: =MID(B386,1,9) -> 03 22 46
A387: [14:52:07.237]收← | B387: 00 00 00 00 00 00 00 00 00 3A 93 | C387: =MID(B387,1,9) -> 00 00 00
A388: [14:52:07.333]收← | B388: 01 03 00 00 00 10 44 06 | C388: =MID(B388,1,9) -> 01 03 00
A389: [14:52:07.557]收← | B389: 01 03 20 2B DB 00 00 C1 FD 00 00 11 1F 00 00 00 00 08 40 48 8E 47 60 00 00 F9 CD 00 00 5A D5 00 00 00 00 46 0F | C389: =MID(B389,1,9) -> 01 03 20
A390: [14:52:09.095]收← | B390: 04 03 00 C8 00 11 04 6D | C390: =MID(B390,1,9) -> 04 03 00
A391: [14:52:09.398]收← | B391: 04 03 22 46 B6 80 00 3F 80 00 00 3F 80 00 00 3F 80 00 00 00 00 00 00 00 00 10 06 00 00 00 00 00 00 00 00 00 00 71 53 | C391: =MID(B391,1,9) -> 04 03 22
A392: [14:52:09.543]收← | B392: 03 03 00 1E 00 05 E4 2D | C392: =MID(B392,1,9) -> 03 03 00
A393: [14:52:09.639]收← | B393: 03 03 0A 31 37 30 39 31 38 30 38 32 31 55 75 | C393: =MID(B393,1,9) -> 03 03 0A
A394: [14:52:09.783]收← | B394: 03 03 00 C8 00 11 05 DA | C394: =MID(B394,1,9) -> 03 03 00
A395: [14:52:09.943]收← | B395: 03 03 22 46 B6 84 33 C4 C7 20 00 41 20 00 00 C4 C5 00 00 00 00 00 00 00 00 10 00 00 00 00 00 00 00 00 00 08 81 FB | C395: =MID(B395,1,9) -> 03 03 22
A396: [14:52:10.071]收← | B396: 03 03 00 C8 00 11 05 DA | C396: =MID(B396,1,9) -> 03 03 00
A397: [14:52:10.230]收← | B397: 03 03 22 46 B6 84 33 C4 C7 20 00 41 20 00 00 C4 C5 00 00 00 00 00 00 00 00 10 00 00 00 00 00 00 00 00 00 00 00 06 6C | C397: =MID(B397,1,9) -> 03 03 22
A398: [14:52:10.427]收← | B398: 02 03 00 C8 00 11 04 0B | C398: =MID(B398,1,9) -> 02 03 00
A399: [14:52:10.612]收← | B399: 2 | C399: =MID(B399,1,9) -> 2
A400: [14:52:10.756]收← | B400: 03 22 46 B6 6C 00 C4 C7 60 00 41 30 00 00 C4 C4 C0 00 00 00 00 00 00 00 10 00 00 00 00 00 00 00 00 00 00 00 3A 93 | C400: =MID(B400,1,9) -> 03 22 46
A401: [14:52:10.899]收← | B401: 01 03 00 00 00 10 44 06 | C401: =MID(B401,1,9) -> 01 03 00
A402: [14:52:11.091]收← | B402: 01 03 20 2B 64 00 00 C1 FD 00 00 11 1F 00 00 00 00 08 40 48 8E 48 20 00 00 F9 CD 00 00 5A D5 00 00 00 00 C6 54 | C402: =MID(B402,1,9) -> 01 03 20
A403: [14:52:12.086]收← | B403: 04 03 00 C8 00 11 04 6D | C403: =MID(B403,1,9) -> 04 03 00
A404: [14:52:12.439]收← | B404: 04 03 22 46 B6 80 00 3F 80 00 00 3F 80 00 00 3F 80 00 00 00 00 00 00 00 00 10 06 00 00 00 00 00 00 00 00 00 00 71 53 | C404: =MID(B404,1,9) -> 04 03 22
A405: [14:52:12.582]收← | B405: 03 03 00 1E 00 05 E4 2D | C405: =MID(B405,1,9) -> 03 03 00
A406: [14:52:12.677]收← | B406: 03 03 0A 31 37 30 39 31 38 30 38 32 31 55 75 | C406: =MID(B406,1,9) -> 03 03 0A
A407: [14:52:12.827]收← | B407: 02 03 00 C8 00 11 04 0B | C407: =MID(B407,1,9) -> 02 03 00
A408: [14:52:13.029]收← | B408: 02 03 22 46 B6 6C 00 C4 C7 60 00 41 30 00 | C408: =MID(B408,1,9) -> 02 03 22
A409: [14:52:13.093]收← | B409: 00 C4 C4 C0 00 00 00 00 00 00 00 10 00 | C409: =MID(B409,1,9) -> 00 C4 C4
A410: [14:52:13.156]收← | B410: 00 00 00 00 00 00 00 00 00 00 3A 93 | C410: =MID(B410,1,9) -> 00 00 00
A411: [14:52:13.251]收← | B411: 01 03 00 00 00 10 44 06 | C411: =MID(B411,1,9) -> 01 03 00
... A460: [14:52:27.949]收← | B460: 02 03 00 C8 00 11 04 0B | C460: =MID(B460,1,9) -> 02 03 00
A461: [14:52:28.162]收← | B461: 2 | C461: =MID(B461,1,9) -> 2
A462: [14:52:28.300]收← | B462: 03 22 46 B6 6C 00 C4 C7 40 00 41 30 00 00 C4 C4 C0 00 00 00 00 00 00 00 10 00 00 00 00 00 00 00 00 00 00 00 65 D3 | C462: =MID(B462,1,9) -> 03 22 46
A463: [14:52:28.443]收← | B463: 01 03 00 00 00 10 44 06 | C463: =MID(B463,1,9) -> 01 03 00
A464: [14:52:28.619]收← | B464: 01 03 20 29 14 00 00 C1 FB 00 00 11 1E 00 00 00 00 08 40 48 8E 48 80 00 00 F9 CD 00 00 5A D5 00 00 00 00 8A 40 | C464: =MID(B464,1,9) -> 01 03 20
A465: [14:52:30.096]收← | B465: 04 03 00 C8 00 11 04 6D | C465: =MID(B465,1,9) -> 04 03 00
A466: [14:52:30.511]收← | B466: 04 03 22 46 B6 80 00 3F 80 00 00 3F 80 00 00 3F 80 00 00 00 00 00 00 00 00 10 06 00 00 00 00 00 00 00 00 00 00 71 53 | C466: =MID(B466,1,9) -> 04 03 22
A467: [14:52:30.655]收← | B467: 03 03 00 1E 00 05 E4 2D | C467: =MID(B467,1,9) -> 03 03 00
A468: [14:52:30.751]收← | B468: 03 03 0A 31 37 30 39 31 38 30 38 32 31 55 75 | C468: =MID(B468,1,9) -> 03 03 0A
A469: [14:52:30.895]收← | B469: 02 03 00 C8 00 11 04 0B | C469: =MID(B469,1,9) -> 02 03 00
A470: [14:52:31.216]收← | B470: 02 03 22 46 B6 6C 00 C4 C7 60 00 41 30 00 00 C4 C4 C0 00 00 00 00 00 00 00 10 00 00 | C470: =MID(B470,1,9) -> 02 03 22
A471: [14:52:31.279]收← | B471: 00 00 00 00 00 00 00 00 00 3A 93 | C471: =MID(B471,1,9) -> 00 00 00
A472: [14:52:31.374]收← | B472: 01 03 00 00 00 10 44 06 | C472: =MID(B472,1,9) -> 01 03 00
A473: [14:52:31.598]收← | B473: 01 03 20 28 B1 00 00 C1 FB 00 00 11 1E 00 00 00 00 08 40 48 8E 47 00 00 00 F9 CD 00 00 5A D5 00 00 00 00 AB 7A | C473: =MID(B473,1,9) -> 01 03 20
... A745: [14:53:45.120]收← | B745: 02 03 01 2C 00 21 45 D4 | C745: =MID(B745,1,9) -> 02 03 01
A746: [14:53:45.297]收← | B746: 2 | C746: =MID(B746,1,9) -> 2
A747: [14:53:45.440]收← | B747: 03 42 00 00 C4 C7 C0 00 C4 C7 60 00 C4 C6 60 00 C4 C7 C0 00 C4 C7 A0 00 C4 C7 00 00 C4 C7 00 00 C4 C6 C0 00 C4 C6 40 00 | C747: =MID(B747,1,9) -> 03 42 00
A748: [14:53:45.552]收← | B748: C4 C6 40 00 C4 C6 C0 00 C4 C6 20 00 C4 | C748: =MID(B748,1,9) -> C4 C6 40
A749: [14:53:45.616]收← | B749: C5 40 00 C4 C4 60 00 C4 C4 A0 00 C4 C3 20 00 73 5D | C749: =MID(B749,1,9) -> C5 40 00
A750: [14:53:45.745]收← | B750: 02 03 01 54 00 21 C5 CD | C750: =MID(B750,1,9) -> 02 03 01
A751: [14:53:46.095]收← | B751: 02 03 42 FF FF 3F 80 00 00 3F 80 00 00 3F 80 00 00 3F 80 00 00 3F 80 00 00 3F 80 00 00 3F 80 00 | C751: =MID(B751,1,9) -> 02 03 42
A752: [14:53:46.158]收← | B752: 00 3F 80 00 00 3F 80 00 00 3F 80 00 | C752: =MID(B752,1,9) -> 00 3F 80
A753: [14:53:46.289]收← | B753: 00 3F 80 00 00 3F 80 00 00 3F 80 00 00 3F 80 00 00 3F 80 00 00 3F 80 00 00 1D E6 | C753: =MID(B753,1,9) -> 00 3F 80
A754: [14:53:46.397]收← | B754: 02 03 01 75 00 21 95 C7 | C754: =MID(B754,1,9) -> 02 03 01
A755: [14:53:46.622]收← | B755: 02 03 42 FF FF 3F 80 00 00 3F 80 00 00 3F | C755: =MID(B755,1,9) -> 02 03 42
A756: [14:53:46.768]收← | B756: 80 00 00 3F 80 00 00 3F 80 00 00 3F 80 00 00 3F 80 00 00 3F 80 00 00 3F 80 00 00 3F 80 00 00 3F | C756: =MID(B756,1,9) -> 80 00 00
A757: [14:53:46.896]收← | B757: 80 00 00 3F 80 00 00 3F 80 00 00 3F 80 00 00 3F 80 00 00 3F 80 00 00 1D E6 | C757: =MID(B757,1,9) -> 80 00 00
A758: [14:53:47.006]收← | B758: 02 03 01 9A 00 21 A4 32 | C758: =MID(B758,1,9) -> 02 03 01
... A1155: [14:55:37.949]收← | B1155: 02 03 00 C8 00 11 04 0B | C1155: =MID(B1155,1,9) -> 02 03 00
A1156: [14:55:38.094]收← | B1156: 2 | C1156: =MID(B1156,1,9) -> 2
A1157: [14:55:38.221]收← | B1157: 03 22 46 B6 6C 00 C4 C7 40 00 41 30 00 00 C4 C4 A0 00 00 00 00 00 00 00 10 00 00 | C1157: =MID(B1157,1,9) -> 03 22 46
A1158: [14:55:38.285]收← | B1158: 00 00 00 00 00 00 00 00 00 EC 7B | C1158: =MID(B1158,1,9) -> 00 00 00
A1159: [14:55:38.381]收← | B1159: 01 03 00 00 00 10 44 06 | C1159: =MID(B1159,1,9) -> 01 03 00
A1160: [14:55:38.574]收← | B1160: 01 03 20 10 34 00 00 C1 FE 00 00 11 1E 00 00 00 00 08 40 48 8E 46 80 00 00 F9 CD 00 00 5A D5 00 00 00 00 9A 99 | C1160: =MID(B1160,1,9) -> 01 03 20
A1161: [14:55:39.148]收← | B1161: 04 03 00 C8 00 11 04 6D | C1161: =MID(B1161,1,9) -> 04 03 00
A1162: [14:55:39.613]收← | B1162: 04 03 22 46 B6 82 00 3F 80 00 00 3F 80 00 00 3F 80 00 00 00 00 00 00 00 00 10 06 00 00 00 00 00 00 00 00 00 00 70 4B | C1162: =MID(B1162,1,9) -> 04 03 22
A1163: [14:55:39.756]收← | B1163: 03 03 00 1E 00 05 E4 2D | C1163: =MID(B1163,1,9) -> 03 03 00
A1164: [14:55:39.836]收← | B1164: 03 03 0A 31 37 30 39 31 38 30 38 32 31 55 75 | C1164: =MID(B1164,1,9) -> 03 03 0A
A1165: [14:55:39.995]收← | B1165: 03 03 00 C8 00 11 05 DA | C1165: =MID(B1165,1,9) -> 03 03 00
A1166: [14:55:40.156]收← | B1166: 03 03 22 46 B6 86 CD C4 C7 20 00 41 20 00 00 C4 C4 FA AB 00 00 00 00 00 00 10 00 00 00 00 00 00 00 00 00 00 00 3E 67 | C1166: =MID(B1166,1,9) -> 03 03 22
A1167: [14:55:40.365]收← | B1167: 03 03 00 C8 00 11 05 DA | C1167: =MID(B1167,1,9) -> 03 03 00
A1168: [14:55:40.519]收← | B1168: 03 03 22 46 B6 86 CD C4 C7 20 00 41 20 00 00 C4 C4 FA AB 00 00 00 00 00 00 10 00 00 00 00 00 00 00 00 00 00 00 3E 67 | C1168: =MID(B1168,1,9) -> 03 03 22
... A2025: [14:59:29.466]收← | B2025: 02 03 01 75 00 21 95 C7 | C2025: =MID(B2025,1,9) -> 02 03 01
A2026: [14:59:29.631]收← | B2026: 2 | C2026: =MID(B2026,1,9) -> 2
A2027: [14:59:29.694]收← | B2027: 03 42 FF FF 3F 80 00 00 3F 80 00 00 3F | C2027: =MID(B2027,1,9) -> 03 42 FF
A2028: [14:59:29.757]收← | B2028: 80 00 00 3F 80 00 00 3F 80 00 00 3F 80 | C2028: =MID(B2028,1,9) -> 80 00 00
A2029: [14:59:29.820]收← | B2029: 00 00 3F 80 00 00 3F 80 00 00 3F 80 00 | C2029: =MID(B2029,1,9) -> 00 00 3F
A2030: [14:59:29.963]收← | B2030: 00 3F 80 00 00 3F 80 00 00 3F 80 00 00 3F 80 00 00 3F 80 00 00 3F 80 00 00 3F 80 00 00 1D E6 | C2030: =MID(B2030,1,9) -> 00 3F 80
A2031: [14:59:30.078]收← | B2031: 02 03 01 9A 00 21 A4 32 | C2031: =MID(B2031,1,9) -> 02 03 01
A2032: [14:59:30.359]收← | B2032: 02 03 42 FF FF 3F 80 00 00 3F 80 00 00 3F 80 00 00 3F 80 00 00 3F 80 00 00 3F 80 00 | C2032: =MID(B2032,1,9) -> 02 03 42
A2033: [14:59:30.517]收← | B2033: 00 3F 80 00 00 3F 80 00 00 3F 80 00 00 3F 80 00 00 3F 80 00 00 3F 80 00 00 3F 80 00 00 3F 80 00 00 3F 80 00 00 3F 80 00 00 1D E6 | C2033: =MID(B2033,1,9) -> 00 3F 80
A2034: [14:59:30.674]收← | B2034: 01 03 00 00 00 10 44 06 | C2034: =MID(B2034,1,9) -> 01 03 00
A2035: [14:59:30.894]收← | B2035: 01 03 20 0F 72 00 00 C1 FF 00 00 11 1E 00 00 00 00 08 60 48 8E 46 20 00 00 F9 CD 00 00 5A D5 00 00 00 00 92 B3 | C2035: =MID(B2035,1,9) -> 01 03 20
A2036: [14:59:31.036]收← | B2036: 04 03 00 C8 00 11 04 6D | C2036: =MID(B2036,1,9) -> 04 03 00
A2037: [14:59:31.385]收← | B2037: 04 03 22 46 B6 82 00 3F 80 00 00 3F 80 00 00 3F 80 00 00 00 00 00 00 00 00 10 06 00 00 00 00 00 00 00 00 00 00 70 4B | C2037: =MID(B2037,1,9) -> 04 03 22
A2038: [14:59:31.543]收← | B2038: 03 03 00 1E 00 05 E4 2D | C2038: =MID(B2038,1,9) -> 03 03 00
A2039: [14:59:31.625]收← | B2039: 03 03 0A 31 37 30 39 31 38 30 38 32 31 55 75 | C2039: =MID(B2039,1,9) -> 03 03 0A
C2040: =MID(B2040,1,9)
C2041: =MID(B2041,1,9)
C2042: =MID(B2042,1,9)
...

Sheet 拔传感器数据处理
C1: 0 | D1: 1 | E1: 2 | F1: 3 | G1: 4 | H1: 5 | I1: 6 | J1: 7 | K1: 8 | L1: 9 | M1: 10 | N1: 11 | O1: 12 | P1: 13 | Q1: 14 | R1: 15
A2: [14:50:31.059]收← | B2: 04 03 00 C8 00 11 04 6D | C2: 浮子位置 | D2: 浮子状态 | E2: 温度 | F2: 温度状态 | G2: 密度值 | H2: 密度状态 | I2: 下发指令 | J2: 设备工作状态 | K2: （幅值） | L2: 频率值 | M2: 未知状态位 | N2: 温度 | O2: 温度状态 | P2: 液位值 | Q2: 液位状态 | R2: 位置 | S2: 状态解析
A3: [14:50:32.385]收← | B3: 01 03 20 38 4F 00 00 C1 FD 00 00 11 1F 00 00 00 00 08 40 48 8E 48 60 00 00 F9 CD 00 00 5A D5 00 00 00 00 00 F7 | C3: =HEX2DEC(MID($B3,10+6*C1,2)&MID($B3,13+6*C1,2)) -> 14415 | D3: =HEX2DEC(MID($B3,10+6*D$1,2)&MID($B3,13+6*D$1,2)) -> 0 | E3: =(HEX2DEC(MID($B3,10+6*E$1,2)&MID($B3,13+6*E$1,2))-65536)/100 -> -158.75 | F3: =HEX2DEC(MID($B3,10+6*F$1,2)&MID($B3,13+6*F$1,2)) -> 0 | G3: =HEX2DEC(MID($B3,10+6*G$1,2)&MID($B3,13+6*G$1,2))/10 -> 438.3 | H3: =HEX2DEC(MID($B3,10+6*H$1,2)&MID($B3,13+6*H$1,2)) -> 0 | I3: =HEX2DEC(MID($B3,10+6*I$1,2)&MID($B3,13+6*I$1,2)) -> 0 | J3: =HEX2DEC(MID($B3,10+6*J$1,2)&MID($B3,13+6*J$1,2)) -> 2112 | K3: =HEX2DEC(MID($B3,10+6*K$1,2)&MID($B3,13+6*K$1,2)) -> 18574 | L3: =HEX2DEC(MID($B3,10+6*L$1,2)&MID($B3,13+6*L$1,2))/10 -> 1852.8 | M3: =HEX2DEC(MID($B3,10+6*M$1,2)&MID($B3,13+6*M$1,2)) -> 0 | N3: =(HEX2DEC(MID($B3,10+6*N$1,2)&MID($B3,13+6*N$1,2))-65536)/10 -> -158.7 | O3: =HEX2DEC(MID($B3,10+6*O$1,2)&MID($B3,13+6*O$1,2)) -> 0 | P3: =HEX2DEC(MID($B3,10+6*P$1,2)&MID($B3,13+6*P$1,2)) -> 23253 | Q3: =HEX2DEC(MID($B3,10+6*Q$1,2)&MID($B3,13+6*Q$1,2)) -> 0 | R3: =HEX2DEC(MID($B3,10+6*R$1,2)&MID($B3,13+6*R$1,2)) -> 0 | S3: =VLOOKUP(J3,设备状态表!$D$3:$E$14,2,0) -> 向下运动到固定点监测
A4: [14:50:35.429]收← | B4: 01 03 20 37 E6 00 00 C1 FC 00 00 11 1F 00 00 00 00 08 40 48 8E 4A 20 00 00 F9 CD 00 00 5A D5 00 00 00 00 15 CD | C4: =HEX2DEC(MID(B4,10,2)&MID(B4,13,2)) -> 14310 | D4: =HEX2DEC(MID($B4,10+6*D$1,2)&MID($B4,13+6*D$1,2)) -> 0 | E4: =(HEX2DEC(MID($B4,10+6*E$1,2)&MID($B4,13+6*E$1,2))-65536)/100 -> -158.76 | F4: =HEX2DEC(MID($B4,10+6*F$1,2)&MID($B4,13+6*F$1,2)) -> 0 | G4: =HEX2DEC(MID($B4,10+6*G$1,2)&MID($B4,13+6*G$1,2))/10 -> 438.3 | H4: =HEX2DEC(MID($B4,10+6*H$1,2)&MID($B4,13+6*H$1,2)) -> 0 | I4: =HEX2DEC(MID($B4,10+6*I$1,2)&MID($B4,13+6*I$1,2)) -> 0 | J4: =HEX2DEC(MID($B4,10+6*J$1,2)&MID($B4,13+6*J$1,2)) -> 2112 | K4: =HEX2DEC(MID($B4,10+6*K$1,2)&MID($B4,13+6*K$1,2)) -> 18574 | L4: =HEX2DEC(MID($B4,10+6*L$1,2)&MID($B4,13+6*L$1,2))/10 -> 1897.6 | M4: =HEX2DEC(MID($B4,10+6*M$1,2)&MID($B4,13+6*M$1,2)) -> 0 | N4: =(HEX2DEC(MID($B4,10+6*N$1,2)&MID($B4,13+6*N$1,2))-65536)/10 -> -158.7 | O4: =HEX2DEC(MID($B4,10+6*O$1,2)&MID($B4,13+6*O$1,2)) -> 0 | P4: =HEX2DEC(MID($B4,10+6*P$1,2)&MID($B4,13+6*P$1,2)) -> 23253 | Q4: =HEX2DEC(MID($B4,10+6*Q$1,2)&MID($B4,13+6*Q$1,2)) -> 0 | R4: =HEX2DEC(MID($B4,10+6*R$1,2)&MID($B4,13+6*R$1,2)) -> 0 | S4: =VLOOKUP(J4,设备状态表!$D$3:$E$14,2,0) -> 向下运动到固定点监测
A5: [14:50:38.433]收← | B5: 01 03 20 37 80 00 00 C1 FC 00 00 11 1F 00 00 00 00 08 40 48 8E 49 C0 00 00 F9 CD 00 00 5A D5 00 00 00 00 08 9A | C5: =HEX2DEC(MID(B5,10,2)&MID(B5,13,2)) -> 14208 | D5: =HEX2DEC(MID($B5,10+6*D$1,2)&MID($B5,13+6*D$1,2)) -> 0 | E5: =(HEX2DEC(MID($B5,10+6*E$1,2)&MID($B5,13+6*E$1,2))-65536)/100 -> -158.76 | F5: =HEX2DEC(MID($B5,10+6*F$1,2)&MID($B5,13+6*F$1,2)) -> 0 | G5: =HEX2DEC(MID($B5,10+6*G$1,2)&MID($B5,13+6*G$1,2))/10 -> 438.3 | H5: =HEX2DEC(MID($B5,10+6*H$1,2)&MID($B5,13+6*H$1,2)) -> 0 | I5: =HEX2DEC(MID($B5,10+6*I$1,2)&MID($B5,13+6*I$1,2)) -> 0 | J5: =HEX2DEC(MID($B5,10+6*J$1,2)&MID($B5,13+6*J$1,2)) -> 2112 | K5: =HEX2DEC(MID($B5,10+6*K$1,2)&MID($B5,13+6*K$1,2)) -> 18574 | L5: =HEX2DEC(MID($B5,10+6*L$1,2)&MID($B5,13+6*L$1,2))/10 -> 1888 | M5: =HEX2DEC(MID($B5,10+6*M$1,2)&MID($B5,13+6*M$1,2)) -> 0 | N5: =(HEX2DEC(MID($B5,10+6*N$1,2)&MID($B5,13+6*N$1,2))-65536)/10 -> -158.7 | O5: =HEX2DEC(MID($B5,10+6*O$1,2)&MID($B5,13+6*O$1,2)) -> 0 | P5: =HEX2DEC(MID($B5,10+6*P$1,2)&MID($B5,13+6*P$1,2)) -> 23253 | Q5: =HEX2DEC(MID($B5,10+6*Q$1,2)&MID($B5,13+6*Q$1,2)) -> 0 | R5: =HEX2DEC(MID($B5,10+6*R$1,2)&MID($B5,13+6*R$1,2)) -> 0 | S5: =VLOOKUP(J5,设备状态表!$D$3:$E$14,2,0) -> 向下运动到固定点监测
A6: [14:50:41.662]收← | B6: 01 03 20 37 14 00 00 C1 FC 00 00 11 1F 00 00 00 00 08 40 48 8E 48 E0 00 00 F9 CD 00 00 5A D5 00 00 00 00 36 B8 | C6: =HEX2DEC(MID(B6,10,2)&MID(B6,13,2)) -> 14100 | D6: =HEX2DEC(MID($B6,10+6*D$1,2)&MID($B6,13+6*D$1,2)) -> 0 | E6: =(HEX2DEC(MID($B6,10+6*E$1,2)&MID($B6,13+6*E$1,2))-65536)/100 -> -158.76 | F6: =HEX2DEC(MID($B6,10+6*F$1,2)&MID($B6,13+6*F$1,2)) -> 0 | G6: =HEX2DEC(MID($B6,10+6*G$1,2)&MID($B6,13+6*G$1,2))/10 -> 438.3 | H6: =HEX2DEC(MID($B6,10+6*H$1,2)&MID($B6,13+6*H$1,2)) -> 0 | I6: =HEX2DEC(MID($B6,10+6*I$1,2)&MID($B6,13+6*I$1,2)) -> 0 | J6: =HEX2DEC(MID($B6,10+6*J$1,2)&MID($B6,13+6*J$1,2)) -> 2112 | K6: =HEX2DEC(MID($B6,10+6*K$1,2)&MID($B6,13+6*K$1,2)) -> 18574 | L6: =HEX2DEC(MID($B6,10+6*L$1,2)&MID($B6,13+6*L$1,2))/10 -> 1865.6 | M6: =HEX2DEC(MID($B6,10+6*M$1,2)&MID($B6,13+6*M$1,2)) -> 0 | N6: =(HEX2DEC(MID($B6,10+6*N$1,2)&MID($B6,13+6*N$1,2))-65536)/10 -> -158.7 | O6: =HEX2DEC(MID($B6,10+6*O$1,2)&MID($B6,13+6*O$1,2)) -> 0 | P6: =HEX2DEC(MID($B6,10+6*P$1,2)&MID($B6,13+6*P$1,2)) -> 23253 | Q6: =HEX2DEC(MID($B6,10+6*Q$1,2)&MID($B6,13+6*Q$1,2)) -> 0 | R6: =HEX2DEC(MID($B6,10+6*R$1,2)&MID($B6,13+6*R$1,2)) -> 0 | S6: =VLOOKUP(J6,设备状态表!$D$3:$E$14,2,0) -> 向下运动到固定点监测
A7: [14:50:44.448]收← | B7: 01 03 20 36 B7 00 00 C1 FC 00 00 11 1F 00 00 00 00 08 40 48 8E 4A 40 00 00 F9 CD 00 00 5A D5 00 00 00 00 04 2C | C7: =HEX2DEC(MID(B7,10,2)&MID(B7,13,2)) -> 14007 | D7: =HEX2DEC(MID($B7,10+6*D$1,2)&MID($B7,13+6*D$1,2)) -> 0 | E7: =(HEX2DEC(MID($B7,10+6*E$1,2)&MID($B7,13+6*E$1,2))-65536)/100 -> -158.76 | F7: =HEX2DEC(MID($B7,10+6*F$1,2)&MID($B7,13+6*F$1,2)) -> 0 | G7: =HEX2DEC(MID($B7,10+6*G$1,2)&MID($B7,13+6*G$1,2))/10 -> 438.3 | H7: =HEX2DEC(MID($B7,10+6*H$1,2)&MID($B7,13+6*H$1,2)) -> 0 | I7: =HEX2DEC(MID($B7,10+6*I$1,2)&MID($B7,13+6*I$1,2)) -> 0 | J7: =HEX2DEC(MID($B7,10+6*J$1,2)&MID($B7,13+6*J$1,2)) -> 2112 | K7: =HEX2DEC(MID($B7,10+6*K$1,2)&MID($B7,13+6*K$1,2)) -> 18574 | L7: =HEX2DEC(MID($B7,10+6*L$1,2)&MID($B7,13+6*L$1,2))/10 -> 1900.8 | M7: =HEX2DEC(MID($B7,10+6*M$1,2)&MID($B7,13+6*M$1,2)) -> 0 | N7: =(HEX2DEC(MID($B7,10+6*N$1,2)&MID($B7,13+6*N$1,2))-65536)/10 -> -158.7 | O7: =HEX2DEC(MID($B7,10+6*O$1,2)&MID($B7,13+6*O$1,2)) -> 0 | P7: =HEX2DEC(MID($B7,10+6*P$1,2)&MID($B7,13+6*P$1,2)) -> 23253 | Q7: =HEX2DEC(MID($B7,10+6*Q$1,2)&MID($B7,13+6*Q$1,2)) -> 0 | R7: =HEX2DEC(MID($B7,10+6*R$1,2)&MID($B7,13+6*R$1,2)) -> 0 | S7: =VLOOKUP(J7,设备状态表!$D$3:$E$14,2,0) -> 向下运动到固定点监测
A8: [14:50:47.544]收← | B8: 01 03 20 36 4F 00 00 C1 FC 00 00 11 1F 00 00 00 00 08 40 48 8E 48 80 00 00 F9 CD 00 00 5A D5 00 00 00 00 87 5C | C8: =HEX2DEC(MID(B8,10,2)&MID(B8,13,2)) -> 13903 | D8: =HEX2DEC(MID($B8,10+6*D$1,2)&MID($B8,13+6*D$1,2)) -> 0 | E8: =(HEX2DEC(MID($B8,10+6*E$1,2)&MID($B8,13+6*E$1,2))-65536)/100 -> -158.76 | F8: =HEX2DEC(MID($B8,10+6*F$1,2)&MID($B8,13+6*F$1,2)) -> 0 | G8: =HEX2DEC(MID($B8,10+6*G$1,2)&MID($B8,13+6*G$1,2))/10 -> 438.3 | H8: =HEX2DEC(MID($B8,10+6*H$1,2)&MID($B8,13+6*H$1,2)) -> 0 | I8: =HEX2DEC(MID($B8,10+6*I$1,2)&MID($B8,13+6*I$1,2)) -> 0 | J8: =HEX2DEC(MID($B8,10+6*J$1,2)&MID($B8,13+6*J$1,2)) -> 2112 | K8: =HEX2DEC(MID($B8,10+6*K$1,2)&MID($B8,13+6*K$1,2)) -> 18574 | L8: =HEX2DEC(MID($B8,10+6*L$1,2)&MID($B8,13+6*L$1,2))/10 -> 1856 | M8: =HEX2DEC(MID($B8,10+6*M$1,2)&MID($B8,13+6*M$1,2)) -> 0 | N8: =(HEX2DEC(MID($B8,10+6*N$1,2)&MID($B8,13+6*N$1,2))-65536)/10 -> -158.7 | O8: =HEX2DEC(MID($B8,10+6*O$1,2)&MID($B8,13+6*O$1,2)) -> 0 | P8: =HEX2DEC(MID($B8,10+6*P$1,2)&MID($B8,13+6*P$1,2)) -> 23253 | Q8: =HEX2DEC(MID($B8,10+6*Q$1,2)&MID($B8,13+6*Q$1,2)) -> 0 | R8: =HEX2DEC(MID($B8,10+6*R$1,2)&MID($B8,13+6*R$1,2)) -> 0 | S8: =VLOOKUP(J8,设备状态表!$D$3:$E$14,2,0) -> 向下运动到固定点监测
A9: [14:50:55.845]收← | B9: 01 03 20 35 38 00 00 C1 FD 00 00 11 1F 00 00 00 00 08 40 48 8E 49 C0 00 00 F9 CD 00 00 5A D5 00 00 00 00 77 57 | C9: =HEX2DEC(MID(B9,10,2)&MID(B9,13,2)) -> 13624 | D9: =HEX2DEC(MID($B9,10+6*D$1,2)&MID($B9,13+6*D$1,2)) -> 0 | E9: =(HEX2DEC(MID($B9,10+6*E$1,2)&MID($B9,13+6*E$1,2))-65536)/100 -> -158.75 | F9: =HEX2DEC(MID($B9,10+6*F$1,2)&MID($B9,13+6*F$1,2)) -> 0 | G9: =HEX2DEC(MID($B9,10+6*G$1,2)&MID($B9,13+6*G$1,2))/10 -> 438.3 | H9: =HEX2DEC(MID($B9,10+6*H$1,2)&MID($B9,13+6*H$1,2)) -> 0 | I9: =HEX2DEC(MID($B9,10+6*I$1,2)&MID($B9,13+6*I$1,2)) -> 0 | J9: =HEX2DEC(MID($B9,10+6*J$1,2)&MID($B9,13+6*J$1,2)) -> 2112 | K9: =HEX2DEC(MID($B9,10+6*K$1,2)&MID($B9,13+6*K$1,2)) -> 18574 | L9: =HEX2DEC(MID($B9,10+6*L$1,2)&MID($B9,13+6*L$1,2))/10 -> 1888 | M9: =HEX2DEC(MID($B9,10+6*M$1,2)&MID($B9,13+6*M$1,2)) -> 0 | N9: =(HEX2DEC(MID($B9,10+6*N$1,2)&MID($B9,13+6*N$1,2))-65536)/10 -> -158.7 | O9: =HEX2DEC(MID($B9,10+6*O$1,2)&MID($B9,13+6*O$1,2)) -> 0 | P9: =HEX2DEC(MID($B9,10+6*P$1,2)&MID($B9,13+6*P$1,2)) -> 23253 | Q9: =HEX2DEC(MID($B9,10+6*Q$1,2)&MID($B9,13+6*Q$1,2)) -> 0 | R9: =HEX2DEC(MID($B9,10+6*R$1,2)&MID($B9,13+6*R$1,2)) -> 0 | S9: =VLOOKUP(J9,设备状态表!$D$3:$E$14,2,0) -> 向下运动到固定点监测
A10: [14:51:00.081]收← | B10: 01 03 20 34 AA 00 00 C1 FC 00 00 11 1F 00 00 00 00 08 40 48 8E 49 00 00 00 F9 CD 00 00 5A D5 00 00 00 00 A8 F8 | C10: =HEX2DEC(MID(B10,10,2)&MID(B10,13,2)) -> 13482 | D10: =HEX2DEC(MID($B10,10+6*D$1,2)&MID($B10,13+6*D$1,2)) -> 0 | E10: =(HEX2DEC(MID($B10,10+6*E$1,2)&MID($B10,13+6*E$1,2))-65536)/100 -> -158.76 | F10: =HEX2DEC(MID($B10,10+6*F$1,2)&MID($B10,13+6*F$1,2)) -> 0 | G10: =HEX2DEC(MID($B10,10+6*G$1,2)&MID($B10,13+6*G$1,2))/10 -> 438.3 | H10: =HEX2DEC(MID($B10,10+6*H$1,2)&MID($B10,13+6*H$1,2)) -> 0 | I10: =HEX2DEC(MID($B10,10+6*I$1,2)&MID($B10,13+6*I$1,2)) -> 0 | J10: =HEX2DEC(MID($B10,10+6*J$1,2)&MID($B10,13+6*J$1,2)) -> 2112 | K10: =HEX2DEC(MID($B10,10+6*K$1,2)&MID($B10,13+6*K$1,2)) -> 18574 | L10: =HEX2DEC(MID($B10,10+6*L$1,2)&MID($B10,13+6*L$1,2))/10 -> 1868.8 | M10: =HEX2DEC(MID($B10,10+6*M$1,2)&MID($B10,13+6*M$1,2)) -> 0 | N10: =(HEX2DEC(MID($B10,10+6*N$1,2)&MID($B10,13+6*N$1,2))-65536)/10 -> -158.7 | O10: =HEX2DEC(MID($B10,10+6*O$1,2)&MID($B10,13+6*O$1,2)) -> 0 | P10: =HEX2DEC(MID($B10,10+6*P$1,2)&MID($B10,13+6*P$1,2)) -> 23253 | Q10: =HEX2DEC(MID($B10,10+6*Q$1,2)&MID($B10,13+6*Q$1,2)) -> 0 | R10: =HEX2DEC(MID($B10,10+6*R$1,2)&MID($B10,13+6*R$1,2)) -> 0 | S10: =VLOOKUP(J10,设备状态表!$D$3:$E$14,2,0) -> 向下运动到固定点监测
A11: [14:51:02.699]收← | B11: 01 03 20 34 51 00 00 C1 FC 00 00 11 1E 00 00 00 00 08 40 48 8E 49 40 00 00 F9 CD 00 00 5A D5 00 00 00 00 AA 16 | C11: =HEX2DEC(MID(B11,10,2)&MID(B11,13,2)) -> 13393 | D11: =HEX2DEC(MID($B11,10+6*D$1,2)&MID($B11,13+6*D$1,2)) -> 0 | E11: =(HEX2DEC(MID($B11,10+6*E$1,2)&MID($B11,13+6*E$1,2))-65536)/100 -> -158.76 | F11: =HEX2DEC(MID($B11,10+6*F$1,2)&MID($B11,13+6*F$1,2)) -> 0 | G11: =HEX2DEC(MID($B11,10+6*G$1,2)&MID($B11,13+6*G$1,2))/10 -> 438.2 | H11: =HEX2DEC(MID($B11,10+6*H$1,2)&MID($B11,13+6*H$1,2)) -> 0 | I11: =HEX2DEC(MID($B11,10+6*I$1,2)&MID($B11,13+6*I$1,2)) -> 0 | J11: =HEX2DEC(MID($B11,10+6*J$1,2)&MID($B11,13+6*J$1,2)) -> 2112 | K11: =HEX2DEC(MID($B11,10+6*K$1,2)&MID($B11,13+6*K$1,2)) -> 18574 | L11: =HEX2DEC(MID($B11,10+6*L$1,2)&MID($B11,13+6*L$1,2))/10 -> 1875.2 | M11: =HEX2DEC(MID($B11,10+6*M$1,2)&MID($B11,13+6*M$1,2)) -> 0 | N11: =(HEX2DEC(MID($B11,10+6*N$1,2)&MID($B11,13+6*N$1,2))-65536)/10 -> -158.7 | O11: =HEX2DEC(MID($B11,10+6*O$1,2)&MID($B11,13+6*O$1,2)) -> 0 | P11: =HEX2DEC(MID($B11,10+6*P$1,2)&MID($B11,13+6*P$1,2)) -> 23253 | Q11: =HEX2DEC(MID($B11,10+6*Q$1,2)&MID($B11,13+6*Q$1,2)) -> 0 | R11: =HEX2DEC(MID($B11,10+6*R$1,2)&MID($B11,13+6*R$1,2)) -> 0 | S11: =VLOOKUP(J11,设备状态表!$D$3:$E$14,2,0) -> 向下运动到固定点监测
A12: [14:51:04.585]收← | B12: 01 03 20 34 11 00 00 C1 FC 00 00 11 1F 00 00 00 00 08 40 48 8E 48 00 00 00 F9 CD 00 00 5A D5 00 00 00 00 98 6F | C12: =HEX2DEC(MID(B12,10,2)&MID(B12,13,2)) -> 13329 | D12: =HEX2DEC(MID($B12,10+6*D$1,2)&MID($B12,13+6*D$1,2)) -> 0 | E12: =(HEX2DEC(MID($B12,10+6*E$1,2)&MID($B12,13+6*E$1,2))-65536)/100 -> -158.76 | F12: =HEX2DEC(MID($B12,10+6*F$1,2)&MID($B12,13+6*F$1,2)) -> 0 | G12: =HEX2DEC(MID($B12,10+6*G$1,2)&MID($B12,13+6*G$1,2))/10 -> 438.3 | H12: =HEX2DEC(MID($B12,10+6*H$1,2)&MID($B12,13+6*H$1,2)) -> 0 | I12: =HEX2DEC(MID($B12,10+6*I$1,2)&MID($B12,13+6*I$1,2)) -> 0 | J12: =HEX2DEC(MID($B12,10+6*J$1,2)&MID($B12,13+6*J$1,2)) -> 2112 | K12: =HEX2DEC(MID($B12,10+6*K$1,2)&MID($B12,13+6*K$1,2)) -> 18574 | L12: =HEX2DEC(MID($B12,10+6*L$1,2)&MID($B12,13+6*L$1,2))/10 -> 1843.2 | M12: =HEX2DEC(MID($B12,10+6*M$1,2)&MID($B12,13+6*M$1,2)) -> 0 | N12: =(HEX2DEC(MID($B12,10+6*N$1,2)&MID($B12,13+6*N$1,2))-65536)/10 -> -158.7 | O12: =HEX2DEC(MID($B12,10+6*O$1,2)&MID($B12,13+6*O$1,2)) -> 0 | P12: =HEX2DEC(MID($B12,10+6*P$1,2)&MID($B12,13+6*P$1,2)) -> 23253 | Q12: =HEX2DEC(MID($B12,10+6*Q$1,2)&MID($B12,13+6*Q$1,2)) -> 0 | R12: =HEX2DEC(MID($B12,10+6*R$1,2)&MID($B12,13+6*R$1,2)) -> 0 | S12: =VLOOKUP(J12,设备状态表!$D$3:$E$14,2,0) -> 向下运动到固定点监测
A13: [14:51:07.610]收← | B13: 01 03 20 33 AD 00 00 C1 FD 00 00 11 1E 00 00 00 00 08 40 48 8E 49 80 00 00 F9 CD 00 00 5A D5 00 00 00 00 97 60 | C13: =HEX2DEC(MID(B13,10,2)&MID(B13,13,2)) -> 13229 | D13: =HEX2DEC(MID($B13,10+6*D$1,2)&MID($B13,13+6*D$1,2)) -> 0 | E13: =(HEX2DEC(MID($B13,10+6*E$1,2)&MID($B13,13+6*E$1,2))-65536)/100 -> -158.75 | F13: =HEX2DEC(MID($B13,10+6*F$1,2)&MID($B13,13+6*F$1,2)) -> 0 | G13: =HEX2DEC(MID($B13,10+6*G$1,2)&MID($B13,13+6*G$1,2))/10 -> 438.2 | H13: =HEX2DEC(MID($B13,10+6*H$1,2)&MID($B13,13+6*H$1,2)) -> 0 | I13: =HEX2DEC(MID($B13,10+6*I$1,2)&MID($B13,13+6*I$1,2)) -> 0 | J13: =HEX2DEC(MID($B13,10+6*J$1,2)&MID($B13,13+6*J$1,2)) -> 2112 | K13: =HEX2DEC(MID($B13,10+6*K$1,2)&MID($B13,13+6*K$1,2)) -> 18574 | L13: =HEX2DEC(MID($B13,10+6*L$1,2)&MID($B13,13+6*L$1,2))/10 -> 1881.6 | M13: =HEX2DEC(MID($B13,10+6*M$1,2)&MID($B13,13+6*M$1,2)) -> 0 | N13: =(HEX2DEC(MID($B13,10+6*N$1,2)&MID($B13,13+6*N$1,2))-65536)/10 -> -158.7 | O13: =HEX2DEC(MID($B13,10+6*O$1,2)&MID($B13,13+6*O$1,2)) -> 0 | P13: =HEX2DEC(MID($B13,10+6*P$1,2)&MID($B13,13+6*P$1,2)) -> 23253 | Q13: =HEX2DEC(MID($B13,10+6*Q$1,2)&MID($B13,13+6*Q$1,2)) -> 0 | R13: =HEX2DEC(MID($B13,10+6*R$1,2)&MID($B13,13+6*R$1,2)) -> 0 | S13: =VLOOKUP(J13,设备状态表!$D$3:$E$14,2,0) -> 向下运动到固定点监测
